timestamp,realized_variance,daily_volatility
2025-08-31 00:00:00+00:00,1.6282217822480923e-07,0.01531221527551534
2025-08-31 00:01:00+00:00,1.0021915055799805e-07,0.01201314183731788
2025-08-31 00:02:00+00:00,3.612203631769968e-08,0.007212193306996669
2025-08-31 00:03:00+00:00,1.0046265416917411e-07,0.01202772721687729
2025-08-31 00:04:00+00:00,4.3946526768980467e-07,0.02515611228853375
2025-08-31 00:05:00+00:00,5.5228480738802436e-08,0.00891790402863114
2025-08-31 00:06:00+00:00,6.32830987202043e-08,0.009546080984209919
2025-08-31 00:07:00+00:00,8.068970912562349e-08,0.010779294092884646
2025-08-31 00:08:00+00:00,3.3097027788130164e-08,0.006903601959477924
2025-08-31 00:09:00+00:00,7.135745546250076e-08,0.010136801066707439
2025-08-31 00:10:00+00:00,2.624926036076258e-07,0.019441948184145054
2025-08-31 00:11:00+00:00,1.5111887387754578e-07,0.014751650022409898
2025-08-31 00:12:00+00:00,2.879392832542388e-07,0.020362528523886807
2025-08-31 00:13:00+00:00,9.653446740360409e-08,0.011790234648266756
2025-08-31 00:14:00+00:00,2.3984105363167537e-07,0.01858416307584532
2025-08-31 00:15:00+00:00,1.4101587662363113e-07,0.014250012713609374
2025-08-31 00:16:00+00:00,2.4529762134717186e-07,0.018794376146601077
2025-08-31 00:17:00+00:00,9.800258079015727e-08,0.01187955034240886
2025-08-31 00:18:00+00:00,2.043143734417443e-07,0.01715262947061213
2025-08-31 00:19:00+00:00,2.53678314659181e-07,0.01911273850365825
2025-08-31 00:20:00+00:00,1.1009170474176888e-07,0.012590951307512359
2025-08-31 00:21:00+00:00,2.7112778874410827e-07,0.019759150178879557
2025-08-31 00:22:00+00:00,8.521314226224767e-08,0.011077315778546563
2025-08-31 00:23:00+00:00,4.965182574891287e-08,0.008455686197963743
2025-08-31 00:24:00+00:00,1.3620817896154276e-07,0.014004991171172567
2025-08-31 00:25:00+00:00,1.6506491892239675e-07,0.015417311154940454
2025-08-31 00:26:00+00:00,6.814298611282384e-08,0.00990585180600166
2025-08-31 00:27:00+00:00,1.4254685252270057e-07,0.014327158393508772
2025-08-31 00:28:00+00:00,2.075662381346645e-07,0.0172885911199819
2025-08-31 00:29:00+00:00,2.2692894297785828e-07,0.018076993054380364
2025-08-31 00:30:00+00:00,1.518921614698129e-08,0.004676801391084836
2025-08-31 00:31:00+00:00,1.8846467604008692e-07,0.01647389248167309
2025-08-31 00:32:00+00:00,4.0185820613664264e-06,0.07607074449726159
2025-08-31 00:33:00+00:00,5.935387205551749e-07,0.02923518013625796
2025-08-31 00:34:00+00:00,3.704757772353329e-07,0.023097296794622513
2025-08-31 00:35:00+00:00,4.940236983891325e-07,0.02667197266196017
2025-08-31 00:36:00+00:00,2.2242538406719973e-07,0.017896719058441063
2025-08-31 00:37:00+00:00,1.7786245023540282e-07,0.016003809807010955
2025-08-31 00:38:00+00:00,1.0945884376901501e-06,0.0397014779356363
2025-08-31 00:39:00+00:00,3.1122421351914934e-07,0.02116985752119213
2025-08-31 00:40:00+00:00,4.820343926573349e-07,0.026346337988922903
2025-08-31 00:41:00+00:00,1.771318603469184e-06,0.05050444325993135
2025-08-31 00:42:00+00:00,3.801972110515593e-07,0.02339837566828615
2025-08-31 00:43:00+00:00,1.5105129168587383e-06,0.04663838119271062
2025-08-31 00:44:00+00:00,1.753924251675473e-06,0.05025585460832083
2025-08-31 00:45:00+00:00,1.6905265412904586e-06,0.04933921583748834
2025-08-31 00:46:00+00:00,7.070466238310162e-07,0.03190841798517537
2025-08-31 00:47:00+00:00,1.6404332353018103e-06,0.048602714521254954
2025-08-31 00:48:00+00:00,3.7597460702399685e-06,0.07358012191581062
2025-08-31 00:49:00+00:00,2.047984419574669e-06,0.054305594225526374
2025-08-31 00:50:00+00:00,2.1673936361613034e-06,0.05586633007520968
2025-08-31 00:51:00+00:00,1.2527395412075869e-06,0.04247287298192724
2025-08-31 00:52:00+00:00,9.447613928628125e-07,0.036884365328990684
2025-08-31 00:53:00+00:00,2.0503118442665395e-06,0.05433644316426883
2025-08-31 00:54:00+00:00,7.470966510749498e-07,0.03279968258303619
2025-08-31 00:55:00+00:00,6.924902893611219e-07,0.031578252273994134
2025-08-31 00:56:00+00:00,5.606462764723801e-06,0.08985157973682086
2025-08-31 00:57:00+00:00,1.9756312390741e-06,0.05333768821637008
2025-08-31 00:58:00+00:00,3.5587516304115824e-07,0.022637584561504522
2025-08-31 00:59:00+00:00,3.4499085535811214e-07,0.022288715344668957
2025-08-31 01:00:00+00:00,1.2935509007799553e-06,0.04315916237745046
2025-08-31 01:01:00+00:00,8.243202550642309e-07,0.034453173544573404
2025-08-31 01:02:00+00:00,6.571116092844354e-07,0.03076102594793592
2025-08-31 01:03:00+00:00,6.290130774573662e-07,0.030096159747359918
2025-08-31 01:04:00+00:00,6.42432684278908e-07,0.03041550698840359
2025-08-31 01:05:00+00:00,4.197853155074613e-07,0.024586395716549105
2025-08-31 01:06:00+00:00,6.146838206313896e-07,0.02975138150925434
2025-08-31 01:07:00+00:00,3.9210310494696077e-07,0.023761912194173757
2025-08-31 01:08:00+00:00,2.6495069130822986e-07,0.019532767225456073
2025-08-31 01:09:00+00:00,2.679733971547886e-07,0.019643871611851254
2025-08-31 01:10:00+00:00,4.115414798190653e-07,0.024343782182303843
2025-08-31 01:11:00+00:00,1.612415355587865e-07,0.015237710169334912
2025-08-31 01:12:00+00:00,1.6049625528728328e-07,0.015202453999722804
2025-08-31 01:13:00+00:00,5.745146394931454e-08,0.009095609275194979
2025-08-31 01:14:00+00:00,3.043381197654482e-07,0.020934347194556734
2025-08-31 01:15:00+00:00,4.5037941242295206e-07,0.02546657326553871
2025-08-31 01:16:00+00:00,4.666717089837901e-07,0.025923102841609407
2025-08-31 01:17:00+00:00,4.4864105991097843e-07,0.02541737843035369
2025-08-31 01:18:00+00:00,7.688692261655305e-07,0.03327418948191471
2025-08-31 01:19:00+00:00,1.3109921337258876e-07,0.013739827773903422
2025-08-31 01:20:00+00:00,2.176684130731222e-07,0.017704307804184156
2025-08-31 01:21:00+00:00,2.3264914955506484e-07,0.018303408845329695
2025-08-31 01:22:00+00:00,1.7451293638761543e-07,0.01585240134484887
2025-08-31 01:23:00+00:00,2.1841901576942172e-07,0.017734807095313086
2025-08-31 01:24:00+00:00,3.542723649488148e-07,0.02258654921687448
2025-08-31 01:25:00+00:00,5.347431303396648e-07,0.02774941634862105
2025-08-31 01:26:00+00:00,2.364883946962268e-07,0.018453815008354413
2025-08-31 01:27:00+00:00,1.8850829863597447e-07,0.01647579891950018
2025-08-31 01:28:00+00:00,2.602786129242456e-07,0.01935978312406711
2025-08-31 01:29:00+00:00,2.432896369165238e-07,0.018717293531913055
2025-08-31 01:30:00+00:00,2.426568616762071e-07,0.01869293665569266
2025-08-31 01:31:00+00:00,3.7608091197421154e-07,0.02327136681080131
2025-08-31 01:32:00+00:00,5.884677966701923e-07,0.02911002623161094
2025-08-31 01:33:00+00:00,6.185687108985306e-07,0.029845249935188754
2025-08-31 01:34:00+00:00,5.240628051079823e-07,0.027470901684427732
2025-08-31 01:35:00+00:00,2.217502005861683e-07,0.01786953521622995
2025-08-31 01:36:00+00:00,2.695225894590521e-07,0.019700571789190154
2025-08-31 01:37:00+00:00,3.302784126749079e-07,0.02180827627878617
2025-08-31 01:38:00+00:00,3.731533272878143e-07,0.023180612401195372
2025-08-31 01:39:00+00:00,2.847522768156814e-07,0.020249525392329104
2025-08-31 01:40:00+00:00,2.9957671773050254e-07,0.02076994158710909
2025-08-31 01:41:00+00:00,1.9177075089918225e-07,0.016617758010478503
2025-08-31 01:42:00+00:00,1.2370308609459e-07,0.013346626689025568
2025-08-31 01:43:00+00:00,1.3680501321193114e-07,0.014035641026514637
2025-08-31 01:44:00+00:00,3.1513552150368465e-07,0.021302468189515172
2025-08-31 01:45:00+00:00,1.535005656479001e-07,0.014867441425241136
2025-08-31 01:46:00+00:00,1.2092533729309178e-07,0.013195926860287312
2025-08-31 01:47:00+00:00,9.499895452349235e-07,0.03698628049883213
2025-08-31 01:48:00+00:00,1.9819099269625338e-07,0.016893638728308503
2025-08-31 01:49:00+00:00,5.259486690008424e-07,0.027520284943314325
2025-08-31 01:50:00+00:00,5.96918396580069e-08,0.009271259305376478
2025-08-31 01:51:00+00:00,4.851937137930454e-07,0.02643253578191062
2025-08-31 01:52:00+00:00,2.4347813201688185e-07,0.01872454298786248
2025-08-31 01:53:00+00:00,1.3442906785916659e-07,0.013913225999645082
2025-08-31 01:54:00+00:00,1.0292690393618487e-07,0.012174347689634392
2025-08-31 01:55:00+00:00,1.0183067779778482e-07,0.012109342510178252
2025-08-31 01:56:00+00:00,4.7678838494631065e-08,0.008285983793869545
2025-08-31 01:57:00+00:00,4.7684820183844784e-08,0.008286503548827847
2025-08-31 01:58:00+00:00,1.2355279860881107e-07,0.01333851678398644
2025-08-31 01:59:00+00:00,2.8919758658391734e-08,0.00645325130985026
2025-08-31 02:00:00+00:00,1.0796173405686016e-06,0.03942903714800536
2025-08-31 02:01:00+00:00,1.4233961378578152e-07,0.014316739986865914
2025-08-31 02:02:00+00:00,3.165355089536543e-07,0.02134973378975162
2025-08-31 02:03:00+00:00,6.630293369738415e-08,0.009771193607959736
2025-08-31 02:04:00+00:00,2.2074782313944352e-07,0.017829101640879124
2025-08-31 02:05:00+00:00,2.2933996757539515e-07,0.01817276955525957
2025-08-31 02:06:00+00:00,9.876503409196791e-08,0.011925671850777793
2025-08-31 02:07:00+00:00,1.164161218726432e-07,0.012947556352324025
2025-08-31 02:08:00+00:00,1.1168692616423843e-07,0.012681844253755181
2025-08-31 02:09:00+00:00,2.2198799856294525e-07,0.017879114014140666
2025-08-31 02:10:00+00:00,9.805246385002656e-08,0.011882573287972528
2025-08-31 02:11:00+00:00,5.0764437145218155e-08,0.008549899969538482
2025-08-31 02:12:00+00:00,1.2337305219185146e-07,0.013328810717999792
2025-08-31 02:13:00+00:00,8.197954431417847e-08,0.010865106709665442
2025-08-31 02:14:00+00:00,1.3965779461881147e-07,0.014181227882348149
2025-08-31 02:15:00+00:00,2.1627240226657892e-07,0.017647443420050216
2025-08-31 02:16:00+00:00,2.1593693872117973e-07,0.0176337514941801
2025-08-31 02:17:00+00:00,8.622653856255374e-08,0.011142989523914909
2025-08-31 02:18:00+00:00,5.5964700080706684e-08,0.008977146992013532
2025-08-31 02:19:00+00:00,4.856538445002105e-08,0.008362664264935567
2025-08-31 02:20:00+00:00,7.09091780710989e-08,0.010104910510359923
2025-08-31 02:21:00+00:00,6.975357140490263e-08,0.010022232427112223
2025-08-31 02:22:00+00:00,1.4871604779934635e-07,0.014633902720431715
2025-08-31 02:23:00+00:00,6.87780210747505e-08,0.00995190184575997
2025-08-31 02:24:00+00:00,1.321320660043013e-07,0.013793845549599063
2025-08-31 02:25:00+00:00,5.452019148644022e-08,0.008860534732197257
2025-08-31 02:26:00+00:00,1.0124626955263208e-07,0.012074544635545898
2025-08-31 02:27:00+00:00,9.07272821376388e-08,0.011430104386146256
2025-08-31 02:28:00+00:00,8.183983230095502e-07,0.034329194356025196
2025-08-31 02:29:00+00:00,1.4065322943333022e-07,0.014231677707986347
2025-08-31 02:30:00+00:00,2.197627237361237e-07,0.01778927548215548
2025-08-31 02:31:00+00:00,2.8666615590274303e-07,0.02031746205853354
2025-08-31 02:32:00+00:00,1.268036459248498e-07,0.013512854995587858
2025-08-31 02:33:00+00:00,4.35966705184954e-08,0.007923332982188327
2025-08-31 02:34:00+00:00,6.975639599260142e-08,0.010022435344233757
2025-08-31 02:35:00+00:00,1.31325020772034e-07,0.013751655533488649
2025-08-31 02:36:00+00:00,6.61258942990764e-08,0.009758139566058173
2025-08-31 02:37:00+00:00,4.463934902548559e-08,0.00801752222302497
2025-08-31 02:38:00+00:00,6.90839353256559e-08,0.00997400956832028
2025-08-31 02:39:00+00:00,8.192841641025647e-08,0.01086171807914242
2025-08-31 02:40:00+00:00,5.246694851713941e-08,0.008692088694018298
2025-08-31 02:41:00+00:00,1.0892424937561182e-07,0.012524013697728096
2025-08-31 02:42:00+00:00,6.938486975172284e-09,0.0031609209487502353
2025-08-31 02:43:00+00:00,8.033959624784207e-08,0.010755882976162048
2025-08-31 02:44:00+00:00,1.2208834261189945e-08,0.004192937077528534
2025-08-31 02:45:00+00:00,1.28925784753184e-07,0.013625458892990907
2025-08-31 02:46:00+00:00,6.24639447950984e-08,0.009484096188089916
2025-08-31 02:47:00+00:00,2.2161572188646793e-07,0.017864115973551947
2025-08-31 02:48:00+00:00,1.0342491008220801e-07,0.01220376460434974
2025-08-31 02:49:00+00:00,9.551995163415082e-08,0.011728117084731766
2025-08-31 02:50:00+00:00,1.2472798877787283e-07,0.013401802260895245
2025-08-31 02:51:00+00:00,2.5241598493328094e-07,0.019065125709103643
2025-08-31 02:52:00+00:00,6.866562088492089e-09,0.0031444950957870183
2025-08-31 02:53:00+00:00,4.9627294119081264e-08,0.008453597076480343
2025-08-31 02:54:00+00:00,5.24083391390129e-08,0.008687232491431236
2025-08-31 02:55:00+00:00,6.642324669619647e-08,0.009780054971344636
2025-08-31 02:56:00+00:00,3.020723544057551e-08,0.006595333125356803
2025-08-31 02:57:00+00:00,2.8185896751950404e-08,0.006370846986296923
2025-08-31 02:58:00+00:00,1.0262045691745261e-07,0.012156210674430241
2025-08-31 02:59:00+00:00,3.8988376277086194e-08,0.007492880743679571
2025-08-31 03:00:00+00:00,9.644724839808881e-08,0.011784907199178444
2025-08-31 03:01:00+00:00,3.3650268823030385e-07,0.022012811520831174
2025-08-31 03:02:00+00:00,1.8706485111894156e-07,0.016412598380855965
2025-08-31 03:03:00+00:00,7.034454806132075e-08,0.010064598810101766
2025-08-31 03:04:00+00:00,6.871249263464669e-08,0.009947159865704944
2025-08-31 03:05:00+00:00,2.1808000010795824e-08,0.00560388436850244
2025-08-31 03:06:00+00:00,9.138578292411445e-08,0.011471509378051557
2025-08-31 03:07:00+00:00,5.869724046106593e-08,0.00919369491901569
2025-08-31 03:08:00+00:00,1.915532710350556e-07,0.016608332555993695
2025-08-31 03:09:00+00:00,1.7241893652086106e-07,0.01575700696801394
2025-08-31 03:10:00+00:00,2.2530739395981593e-07,0.01801229156165686
2025-08-31 03:11:00+00:00,1.1647790265276493e-07,0.012950991460887521
2025-08-31 03:12:00+00:00,2.4949931793844624e-07,0.018954656890362392
2025-08-31 03:13:00+00:00,1.0211108199121156e-07,0.012126003383940839
2025-08-31 03:14:00+00:00,4.6166600651323295e-08,0.008153521014746055
2025-08-31 03:15:00+00:00,2.0520105526588523e-07,0.017189808596458387
2025-08-31 03:16:00+00:00,1.802259802542704e-07,0.016109792412261226
2025-08-31 03:17:00+00:00,2.8191043696369036e-07,0.020148226453653783
2025-08-31 03:18:00+00:00,1.3763064079892445e-07,0.014077930343287368
2025-08-31 03:19:00+00:00,9.357156830696037e-08,0.011607887764878798
2025-08-31 03:20:00+00:00,1.0952283393797098e-07,0.012558378910937439
2025-08-31 03:21:00+00:00,1.1534997657846533e-07,0.01288813276906279
2025-08-31 03:22:00+00:00,8.495157995807189e-08,0.01106030176530566
2025-08-31 03:23:00+00:00,5.988068072044967e-08,0.009285912999670388
2025-08-31 03:24:00+00:00,5.906806483843007e-07,0.029164706987614208
2025-08-31 03:25:00+00:00,5.005646031425441e-09,0.0026847961347656614
2025-08-31 03:26:00+00:00,1.0906468898554724e-07,0.012532084907914885
2025-08-31 03:27:00+00:00,1.3875119142504677e-07,0.014135123474949461
2025-08-31 03:28:00+00:00,4.995859336688701e-08,0.008481767177205309
2025-08-31 03:29:00+00:00,1.2982141100190812e-07,0.013672703896550517
2025-08-31 03:30:00+00:00,6.645185411260746e-08,0.009782160800260583
2025-08-31 03:31:00+00:00,4.019829459485128e-08,0.007608255004702843
2025-08-31 03:32:00+00:00,2.0789228148429824e-07,0.017302164180743096
2025-08-31 03:33:00+00:00,2.5734303580342007e-07,0.01925029796021155
2025-08-31 03:34:00+00:00,2.914206354059404e-07,0.020485256039028513
2025-08-31 03:35:00+00:00,9.934611048776258e-08,0.011960702282992338
2025-08-31 03:36:00+00:00,6.079531199233782e-08,0.009356561829484506
2025-08-31 03:37:00+00:00,2.9859867667663533e-07,0.020736009606825388
2025-08-31 03:38:00+00:00,4.769766527272553e-07,0.026207754194651014
2025-08-31 03:39:00+00:00,4.815153987597289e-07,0.026332150960641433
2025-08-31 03:40:00+00:00,3.5541430880706055e-07,0.022622922107503423
2025-08-31 03:41:00+00:00,7.57142313855391e-08,0.010441670996309754
2025-08-31 03:42:00+00:00,1.413335215529858e-07,0.01426605309944904
2025-08-31 03:43:00+00:00,1.7391323992971239e-07,0.01582514029949769
2025-08-31 03:44:00+00:00,4.4504777184969495e-08,0.008005428105126925
2025-08-31 03:45:00+00:00,6.419402442869799e-08,0.00961454081988969
2025-08-31 03:46:00+00:00,1.8020808042554657e-07,0.016108992389742664
2025-08-31 03:47:00+00:00,1.1294328192817826e-07,0.012752973221040523
2025-08-31 03:48:00+00:00,2.799368488783759e-09,0.002007757610830703
2025-08-31 03:49:00+00:00,9.018394205086481e-07,0.03603676963231379
2025-08-31 03:50:00+00:00,4.001183900366236e-07,0.024003551438333826
2025-08-31 03:51:00+00:00,9.107864208503408e-08,0.011452215707121878
2025-08-31 03:52:00+00:00,1.8237931508090022e-07,0.016205746317787907
2025-08-31 03:53:00+00:00,2.8324528974250607e-07,0.020195871291657827
2025-08-31 03:54:00+00:00,3.4062879751296295e-06,0.07003609558068373
2025-08-31 03:55:00+00:00,9.207570262792785e-07,0.03641277410253387
2025-08-31 03:56:00+00:00,3.445257073079168e-07,0.02227368443979128
2025-08-31 03:57:00+00:00,2.226092556016633e-07,0.017904114836159737
2025-08-31 03:58:00+00:00,5.982549129377302e-07,0.029351100058265817
2025-08-31 03:59:00+00:00,2.7680923195241885e-07,0.01996510190335835
2025-08-31 04:00:00+00:00,1.0812467210633175e-06,0.03945877948354685
2025-08-31 04:01:00+00:00,5.701751031309699e-07,0.02865400754708836
2025-08-31 04:02:00+00:00,3.540658407301833e-07,0.022579964806249454
2025-08-31 04:03:00+00:00,2.7196036125338916e-07,0.0197894648791947
2025-08-31 04:04:00+00:00,2.952866209439227e-07,0.020620687043822004
2025-08-31 04:05:00+00:00,1.8221826580842167e-07,0.01619858953008339
2025-08-31 04:06:00+00:00,3.5332372139208487e-07,0.022556288675325165
2025-08-31 04:07:00+00:00,3.007348715012974e-07,0.020810050815936714
2025-08-31 04:08:00+00:00,1.1365231689844749e-07,0.012792940879006842
2025-08-31 04:09:00+00:00,9.287576068708177e-08,0.011564648519924751
2025-08-31 04:10:00+00:00,1.4113558167161707e-07,0.01425605968025978
2025-08-31 04:11:00+00:00,1.8849730154247408e-07,0.016475318334440846
2025-08-31 04:12:00+00:00,2.2476898768035433e-07,0.017990757134142804
2025-08-31 04:13:00+00:00,6.576769668351134e-08,0.009731674225140109
2025-08-31 04:14:00+00:00,2.3631802121730898e-07,0.018447166464065013
2025-08-31 04:15:00+00:00,2.2536695948696913e-07,0.018014672399498013
2025-08-31 04:16:00+00:00,1.3001606473013572e-07,0.013682950457097892
2025-08-31 04:17:00+00:00,1.6034485388477318e-07,0.015195281820159619
2025-08-31 04:18:00+00:00,1.5934896270516004e-07,0.015148019880348402
2025-08-31 04:19:00+00:00,6.875799609853334e-08,0.00995045297370366
2025-08-31 04:20:00+00:00,5.3506578320000413e-08,0.008777782908046919
2025-08-31 04:21:00+00:00,9.528794145426645e-08,0.011713865104829562
2025-08-31 04:22:00+00:00,4.388792520689762e-07,0.025139334179316
2025-08-31 04:23:00+00:00,1.6780940005014418e-07,0.015544952109035512
2025-08-31 04:24:00+00:00,1.7048480400065196e-07,0.01566837955121521
2025-08-31 04:25:00+00:00,8.250012409447693e-08,0.01089954947215924
2025-08-31 04:26:00+00:00,2.15585141125167e-07,0.017619381465313715
2025-08-31 04:27:00+00:00,8.716310041872358e-08,0.011203341671258714
2025-08-31 04:28:00+00:00,1.3203834974643776e-07,0.013788952956438368
2025-08-31 04:29:00+00:00,1.6684595419600724e-07,0.01550026367653952
2025-08-31 04:30:00+00:00,4.1290134604409723e-07,0.024383968879234982
2025-08-31 04:31:00+00:00,1.6598508884272966e-07,0.015460224058322399
2025-08-31 04:32:00+00:00,5.6897459731982296e-08,0.009051648579902696
2025-08-31 04:33:00+00:00,2.0966493993702107e-07,0.01737577375282351
2025-08-31 04:34:00+00:00,2.0491819451868756e-07,0.017177956808273505
2025-08-31 04:35:00+00:00,3.248053532043686e-08,0.006839003645373284
2025-08-31 04:36:00+00:00,1.4424095023442328e-07,0.014412042476261634
2025-08-31 04:37:00+00:00,4.1434753607674344e-08,0.007724379923013306
2025-08-31 04:38:00+00:00,4.611798255381713e-08,0.008149226642908925
2025-08-31 04:39:00+00:00,1.9531492371769246e-07,0.01677061388719796
2025-08-31 04:40:00+00:00,1.2810665044131803e-07,0.013582105014889923
2025-08-31 04:41:00+00:00,8.188572140998192e-08,0.010858887550314441
2025-08-31 04:42:00+00:00,3.427454952338953e-07,0.02221606430349015
2025-08-31 04:43:00+00:00,1.3142677159700123e-07,0.013756981903734618
2025-08-31 04:44:00+00:00,1.6996742707004482e-07,0.015644586762866716
2025-08-31 04:45:00+00:00,1.1737664105800032e-07,0.013000860091683183
2025-08-31 04:46:00+00:00,1.503670153040258e-07,0.014714907476358698
2025-08-31 04:47:00+00:00,1.2072888925768078e-07,0.013185203848672965
2025-08-31 04:48:00+00:00,5.57968370103996e-08,0.008963673649513096
2025-08-31 04:49:00+00:00,6.086446304511733e-09,0.0029604868988895895
2025-08-31 04:50:00+00:00,7.904374730608768e-08,0.010668786065938629
2025-08-31 04:51:00+00:00,1.5389931267839005e-07,0.014886739409853376
2025-08-31 04:52:00+00:00,1.6366363000094734e-07,0.015351730430194641
2025-08-31 04:53:00+00:00,8.676240842187694e-08,0.011177560920321697
2025-08-31 04:54:00+00:00,2.1321333424062577e-07,0.0175221916810227
2025-08-31 04:55:00+00:00,1.2080860731383533e-07,0.013189556267438373
2025-08-31 04:56:00+00:00,8.330371746657159e-08,0.01095250442373173
2025-08-31 04:57:00+00:00,6.61632923610479e-08,0.009760898575433974
2025-08-31 04:58:00+00:00,1.2163806862362007e-08,0.004185197950133457
2025-08-31 04:59:00+00:00,5.9180856372046655e-08,0.00923149138415604
2025-08-31 05:00:00+00:00,1.2076371064494617e-07,0.013187105191387627
2025-08-31 05:01:00+00:00,1.025493413171599e-07,0.012151997839726201
2025-08-31 05:02:00+00:00,1.5304022523298877e-08,0.00469444271810301
2025-08-31 05:03:00+00:00,4.4757518951070055e-08,0.008028127259177004
2025-08-31 05:04:00+00:00,2.210377708880298e-07,0.017840806878579314
2025-08-31 05:05:00+00:00,1.2167516416534257e-07,0.013236775906469569
2025-08-31 05:06:00+00:00,6.231848578860439e-08,0.009473047003767601
2025-08-31 05:07:00+00:00,9.539188930445632e-08,0.011720252582534948
2025-08-31 05:08:00+00:00,3.1121213654768135e-07,0.021169446771908358
2025-08-31 05:09:00+00:00,2.4151147141541796e-08,0.00589725799705424
2025-08-31 05:10:00+00:00,2.591049915734703e-07,0.01931608624607473
2025-08-31 05:11:00+00:00,7.266258223299157e-08,0.01022908199280404
2025-08-31 05:12:00+00:00,1.4678205542184468e-07,0.014538437323435292
2025-08-31 05:13:00+00:00,1.4442981963125542e-07,0.014421474968567112
2025-08-31 05:14:00+00:00,1.6652854085294584e-07,0.015485512546513985
2025-08-31 05:15:00+00:00,4.959975886056884e-08,0.00845125154987231
2025-08-31 05:16:00+00:00,6.147291625295528e-08,0.009408559900657254
2025-08-31 05:17:00+00:00,2.21984579218701e-07,0.017878976315072667
2025-08-31 05:18:00+00:00,7.239835699500707e-08,0.010210466888091366
2025-08-31 05:19:00+00:00,1.1256281521263612e-07,0.012731474930509662
2025-08-31 05:20:00+00:00,1.7864811110367745e-07,0.01603911718235438
2025-08-31 05:21:00+00:00,6.01391191911664e-08,0.009305929917814749
2025-08-31 05:22:00+00:00,9.200837942639436e-08,0.011510519813371065
2025-08-31 05:23:00+00:00,9.020465741606858e-09,0.003604090824037856
2025-08-31 05:24:00+00:00,7.585142085618386e-08,0.010451126543722681
2025-08-31 05:25:00+00:00,1.184338170714822e-07,0.013059276265663973
2025-08-31 05:26:00+00:00,2.7654430332732964e-07,0.019955545514752402
2025-08-31 05:27:00+00:00,1.6124889341114315e-07,0.015238057832678223
2025-08-31 05:28:00+00:00,7.700861038416719e-08,0.010530545995018526
2025-08-31 05:29:00+00:00,1.0982799542636648e-08,0.003976836851242049
2025-08-31 05:30:00+00:00,1.3500268683623834e-07,0.013942878793283087
2025-08-31 05:31:00+00:00,4.3742912714137533e-07,0.02509776769124259
2025-08-31 05:32:00+00:00,8.977060888817392e-08,0.011369682352597651
2025-08-31 05:33:00+00:00,2.65944381634594e-07,0.019569361500923206
2025-08-31 05:34:00+00:00,3.632453978163985e-08,0.007232381162906265
2025-08-31 05:35:00+00:00,1.0514317512055504e-07,0.012304721539864252
2025-08-31 05:36:00+00:00,8.672428516997718e-08,0.011175104950056046
2025-08-31 05:37:00+00:00,1.4653202884346286e-07,0.014526049756715917
2025-08-31 05:38:00+00:00,2.996968165584403e-07,0.020774104453481358
2025-08-31 05:39:00+00:00,5.9415556334587105e-08,0.009249778436362972
2025-08-31 05:40:00+00:00,6.830531989735914e-08,0.009917643906301394
2025-08-31 05:41:00+00:00,1.2187694066826812e-07,0.01324774677302922
2025-08-31 05:42:00+00:00,1.3693241638031438e-07,0.014042175030516203
2025-08-31 05:43:00+00:00,9.570091679875798e-08,0.01173922144736232
2025-08-31 05:44:00+00:00,2.6091621989807224e-08,0.006129595065362997
2025-08-31 05:45:00+00:00,1.2060213640969827e-07,0.013178280480774627
2025-08-31 05:46:00+00:00,7.825008431946588e-08,0.010615089326992537
2025-08-31 05:47:00+00:00,6.094478221650691e-08,0.009368056703061204
2025-08-31 05:48:00+00:00,3.776829730324483e-08,0.007374710036108034
2025-08-31 05:49:00+00:00,1.4605881001846974e-08,0.004586116946029575
2025-08-31 05:50:00+00:00,1.3543747714297983e-08,0.004416219730560188
2025-08-31 05:51:00+00:00,4.5336521490062565e-08,0.008079888052794425
2025-08-31 05:52:00+00:00,1.3202955897595675e-08,0.004360304632997306
2025-08-31 05:53:00+00:00,1.4449453851556295e-07,0.014424705732264027
2025-08-31 05:54:00+00:00,1.414480747376134e-07,0.014271833365835075
2025-08-31 05:55:00+00:00,7.457514413719149e-08,0.010362828164046519
2025-08-31 05:56:00+00:00,2.2032902965874867e-08,0.005632706300781163
2025-08-31 05:57:00+00:00,2.543663492253865e-08,0.00605216938695999
2025-08-31 05:58:00+00:00,8.024755314029023e-08,0.010749719834582571
2025-08-31 05:59:00+00:00,2.7632422134103657e-08,0.006307986039387633
2025-08-31 06:00:00+00:00,1.0409638184812509e-07,0.012243316130089109
2025-08-31 06:01:00+00:00,4.0714209514010165e-08,0.007656922469254514
2025-08-31 06:02:00+00:00,5.8927613768680734e-08,0.009211718831298546
2025-08-31 06:03:00+00:00,1.2040026067313588e-07,0.013167246309282577
2025-08-31 06:04:00+00:00,1.085025353415375e-07,0.012499746033092592
2025-08-31 06:05:00+00:00,2.0781246069077276e-08,0.005470374241262775
2025-08-31 06:06:00+00:00,4.972868229273939e-08,0.008462227986856932
2025-08-31 06:07:00+00:00,7.263695966995061e-08,0.010227278324399356
2025-08-31 06:08:00+00:00,5.536451806009878e-08,0.008928880445304564
2025-08-31 06:09:00+00:00,2.262284864687504e-08,0.005707617896417039
2025-08-31 06:10:00+00:00,4.873494098709559e-08,0.008377249848334335
2025-08-31 06:11:00+00:00,1.4382033452894046e-08,0.004550838183474274
2025-08-31 06:12:00+00:00,3.1711274112692585e-08,0.006757531703386771
2025-08-31 06:13:00+00:00,1.4100355916476424e-10,0.00045060528758244785
2025-08-31 06:14:00+00:00,8.921294442188707e-08,0.011334312505287533
2025-08-31 06:15:00+00:00,4.604387197371118e-09,0.002574940303038967
2025-08-31 06:16:00+00:00,5.0807754885820004e-08,0.008553547044097016
2025-08-31 06:17:00+00:00,7.97306307687413e-08,0.010715041218165588
2025-08-31 06:18:00+00:00,4.981149972111017e-08,0.008469271491598238
2025-08-31 06:19:00+00:00,1.6306264037190198e-08,0.004845721846490353
2025-08-31 06:20:00+00:00,1.7290912748477148e-07,0.015779389835417303
2025-08-31 06:21:00+00:00,1.5052349159048555e-07,0.014722561865731766
2025-08-31 06:22:00+00:00,4.2421449557660615e-07,0.024715761643742905
2025-08-31 06:23:00+00:00,9.203763225189781e-08,0.011512349475356143
2025-08-31 06:24:00+00:00,6.838330789651166e-08,0.009923304055151025
2025-08-31 06:25:00+00:00,3.398520201046133e-08,0.006995619407533854
2025-08-31 06:26:00+00:00,6.393117272964361e-08,0.00959483656612695
2025-08-31 06:27:00+00:00,6.00728024861435e-09,0.002941170440148728
2025-08-31 06:28:00+00:00,8.569118936843544e-08,0.011108344282139757
2025-08-31 06:29:00+00:00,4.503849520253595e-08,0.008053287098548752
2025-08-31 06:30:00+00:00,3.221105088736016e-09,0.002153692486818827
2025-08-31 06:31:00+00:00,1.2606739462471384e-07,0.013473568505024493
2025-08-31 06:32:00+00:00,2.3534830006749983e-08,0.005821525161821426
2025-08-31 06:33:00+00:00,3.1900615133049517e-07,0.021432891963426518
2025-08-31 06:34:00+00:00,7.067902303633596e-08,0.010088498063256185
2025-08-31 06:35:00+00:00,2.641312540530225e-07,0.019502538445965244
2025-08-31 06:36:00+00:00,1.0579883608701962e-07,0.01234302734199792
2025-08-31 06:37:00+00:00,8.438379210337245e-08,0.011023278125351655
2025-08-31 06:38:00+00:00,8.347808521318175e-08,0.010963961086531715
2025-08-31 06:39:00+00:00,5.013696560999886e-09,0.0026869542325539965
2025-08-31 06:40:00+00:00,5.822714532155302e-07,0.028956361867996532
2025-08-31 06:41:00+00:00,2.2964584925482314e-08,0.0057505653889591175
2025-08-31 06:42:00+00:00,5.213795114063002e-08,0.008664793687244217
2025-08-31 06:43:00+00:00,1.1438637700103119e-08,0.004058526615429359
2025-08-31 06:44:00+00:00,1.3018127318056704e-09,0.0013691641003912443
2025-08-31 06:45:00+00:00,1.1955952628246084e-07,0.013121193461219281
2025-08-31 06:46:00+00:00,4.5660806420874955e-07,0.025642067242338307
2025-08-31 06:47:00+00:00,9.726033795265562e-08,0.01183447872328241
2025-08-31 06:48:00+00:00,5.897308723131354e-08,0.009215272411225373
2025-08-31 06:49:00+00:00,4.968866473748755e-07,0.026749145261481175
2025-08-31 06:50:00+00:00,4.5744454594568197e-07,0.025665543948293443
2025-08-31 06:51:00+00:00,4.507020399688458e-07,0.025475693073106726
2025-08-31 06:52:00+00:00,1.8051270458237417e-08,0.005098414406446565
2025-08-31 06:53:00+00:00,1.2644330787919454e-07,0.013493641589505783
2025-08-31 06:54:00+00:00,1.3830216530530738e-08,0.004462679890375767
2025-08-31 06:55:00+00:00,1.606666764771507e-07,0.01521052313785088
2025-08-31 06:56:00+00:00,6.963257484814097e-08,0.010013536227593278
2025-08-31 06:57:00+00:00,1.108710613167033e-08,0.0039956767674081545
2025-08-31 06:58:00+00:00,3.373115801329678e-08,0.0069694237594759125
2025-08-31 06:59:00+00:00,4.397414129501208e-08,0.007957560145221487
2025-08-31 07:00:00+00:00,3.107102771796376e-07,0.02115237100513033
2025-08-31 07:01:00+00:00,1.6932196169575962e-07,0.015614852699974273
2025-08-31 07:02:00+00:00,1.3105628209297724e-07,0.013737577887454805
2025-08-31 07:03:00+00:00,5.6674920660149716e-08,0.009033929695908398
2025-08-31 07:04:00+00:00,9.690373150556052e-08,0.011812763155502915
2025-08-31 07:05:00+00:00,1.1050485268610173e-07,0.012614554604423674
2025-08-31 07:06:00+00:00,2.0447228709769327e-08,0.005426233439695332
2025-08-31 07:07:00+00:00,4.578656170385324e-08,0.00811989217006905
2025-08-31 07:08:00+00:00,6.419233796586774e-08,0.009614414525640632
2025-08-31 07:09:00+00:00,4.9636287778649e-08,0.008454363039357522
2025-08-31 07:10:00+00:00,5.460707317322996e-08,0.008867591858529075
2025-08-31 07:11:00+00:00,1.8097598029332094e-07,0.016143277598504653
2025-08-31 07:12:00+00:00,2.534596266960269e-07,0.01910449848706526
2025-08-31 07:13:00+00:00,2.8186504872919714e-08,0.0063709157125961405
2025-08-31 07:14:00+00:00,6.852735019314057e-08,0.009933749759185725
2025-08-31 07:15:00+00:00,4.831686294780421e-08,0.008341239874553307
2025-08-31 07:16:00+00:00,1.3357480982202144e-07,0.013868948271001333
2025-08-31 07:17:00+00:00,3.1281378293362776e-08,0.006711570959353882
2025-08-31 07:18:00+00:00,6.312048519938361e-08,0.009533808194373977
2025-08-31 07:19:00+00:00,1.4650252070163922e-07,0.014524587078824668
2025-08-31 07:20:00+00:00,1.213802656810164e-08,0.004180760488005306
2025-08-31 07:21:00+00:00,4.536726244199609e-08,0.008082626919292662
2025-08-31 07:22:00+00:00,1.7204156883233736e-08,0.004977347276597905
2025-08-31 07:23:00+00:00,3.932345714186652e-08,0.007525010184995618
2025-08-31 07:24:00+00:00,1.4670739205198751e-08,0.004596288117109958
2025-08-31 07:25:00+00:00,1.7028788225152592e-08,0.004951914280782709
2025-08-31 07:26:00+00:00,7.961549449739831e-08,0.010707301811205919
2025-08-31 07:27:00+00:00,5.495009062508381e-08,0.008895399400820667
2025-08-31 07:28:00+00:00,9.172945653455659e-08,0.011493059532159462
2025-08-31 07:29:00+00:00,1.8283594487106931e-09,0.0016226021096200382
2025-08-31 07:30:00+00:00,2.7681633451456585e-07,0.0199653580408911
2025-08-31 07:31:00+00:00,9.059806107788815e-08,0.011421961650791816
2025-08-31 07:32:00+00:00,7.363283109759163e-08,0.010297148963695338
2025-08-31 07:33:00+00:00,1.0064832135349163e-07,0.012038836436675596
2025-08-31 07:34:00+00:00,2.643273241723648e-08,0.006169532776541553
2025-08-31 07:35:00+00:00,1.790886981694066e-07,0.016058883067135946
2025-08-31 07:36:00+00:00,5.8384240450609655e-08,0.009169149701519651
2025-08-31 07:37:00+00:00,7.902202901771504e-08,0.010667320272004103
2025-08-31 07:38:00+00:00,7.86596573194328e-08,0.010642833576636592
2025-08-31 07:39:00+00:00,8.653746613403384e-08,0.011163061911187662
2025-08-31 07:40:00+00:00,8.882327586759003e-08,0.011309532141044989
2025-08-31 07:41:00+00:00,9.322309587201818e-08,0.011586252977373927
2025-08-31 07:42:00+00:00,6.694130674849769e-08,0.009818120070453237
2025-08-31 07:43:00+00:00,1.8461644969732628e-07,0.016304836324359404
2025-08-31 07:44:00+00:00,7.62818787652511e-08,0.010480739736390823
2025-08-31 07:45:00+00:00,1.1678130788235062e-07,0.012967848061671023
2025-08-31 07:46:00+00:00,5.2353967843590817e-08,0.008682725015498924
2025-08-31 07:47:00+00:00,2.5126759969194876e-07,0.01902170716724464
2025-08-31 07:48:00+00:00,9.780594374103145e-08,0.0118676265102625
2025-08-31 07:49:00+00:00,3.6577266282574025e-08,0.007257497051112498
2025-08-31 07:50:00+00:00,5.7925970816716416e-08,0.009133093560019607
2025-08-31 07:51:00+00:00,4.443686220411154e-08,0.007999317569263056
2025-08-31 07:52:00+00:00,3.6139249653058035e-08,0.007213911525684493
2025-08-31 07:53:00+00:00,8.88588378594386e-08,0.011311795901517653
2025-08-31 07:54:00+00:00,1.1775037535437635e-08,0.004117772947969593
2025-08-31 07:55:00+00:00,9.07935694093938e-10,0.0011434279161780469
2025-08-31 07:56:00+00:00,2.6450391935007742e-08,0.006171593342598907
2025-08-31 07:57:00+00:00,1.1609711538632037e-10,0.00040887632134461066
2025-08-31 07:58:00+00:00,2.490521329286398e-08,0.0059886147932325835
2025-08-31 07:59:00+00:00,5.6110265037304786e-08,0.008988814251819808
2025-08-31 08:00:00+00:00,6.153598690402083e-08,0.00941338521159046
2025-08-31 08:01:00+00:00,3.891853356616851e-08,0.0074861664645720135
2025-08-31 08:02:00+00:00,3.959989810973525e-08,0.007551413991963278
2025-08-31 08:03:00+00:00,1.2135239461632967e-08,0.004180280472019966
2025-08-31 08:04:00+00:00,1.534359475028055e-07,0.014864311770278499
2025-08-31 08:05:00+00:00,4.203595984115741e-07,0.024603207549274277
2025-08-31 08:06:00+00:00,1.9616575202553043e-07,0.016807102157027663
2025-08-31 08:07:00+00:00,3.0846773894399017e-07,0.02107589960308565
2025-08-31 08:08:00+00:00,1.0260593277398405e-07,0.012155350393737609
2025-08-31 08:09:00+00:00,7.06609491584799e-08,0.01008720807697606
2025-08-31 08:10:00+00:00,7.955041294746128e-08,0.010702924583698805
2025-08-31 08:11:00+00:00,9.912573002886742e-08,0.011947428645594376
2025-08-31 08:12:00+00:00,9.383309449628335e-08,0.011624098075749706
2025-08-31 08:13:00+00:00,2.7916382614946677e-08,0.006340314737102821
2025-08-31 08:14:00+00:00,1.2010619181429667e-07,0.013151156459132679
2025-08-31 08:15:00+00:00,1.3703666833495735e-07,0.014047519439471816
2025-08-31 08:16:00+00:00,6.147548412119802e-08,0.009408756407439036
2025-08-31 08:17:00+00:00,9.8422477000936e-08,0.01190497235953733
2025-08-31 08:18:00+00:00,1.3631687113717142e-07,0.014010577948019376
2025-08-31 08:19:00+00:00,1.2180949570234047e-07,0.013244080708428588
2025-08-31 08:20:00+00:00,2.1797977658370716e-07,0.017716965831669325
2025-08-31 08:21:00+00:00,5.965538890335649e-09,0.002930934322376285
2025-08-31 08:22:00+00:00,1.2181376517137526e-07,0.013244312811421374
2025-08-31 08:23:00+00:00,3.166137456783697e-07,0.021352372087823226
2025-08-31 08:24:00+00:00,2.1604767542690597e-07,0.017638272381804987
2025-08-31 08:25:00+00:00,1.784561112550532e-07,0.016030495943896328
2025-08-31 08:26:00+00:00,1.5460239589814683e-07,0.014920705415406186
2025-08-31 08:27:00+00:00,5.2402986810028445e-08,0.008686788877740782
2025-08-31 08:28:00+00:00,5.7019691353045365e-08,0.009061366097249649
2025-08-31 08:29:00+00:00,1.4063666268279147e-10,0.00045001865990558623
2025-08-31 08:30:00+00:00,2.3222120053905315e-07,0.01828656689420506
2025-08-31 08:31:00+00:00,3.525404630573658e-08,0.007125014152986693
2025-08-31 08:32:00+00:00,1.6631455096901725e-08,0.004893801726627111
2025-08-31 08:33:00+00:00,2.469346539601704e-07,0.018856985488212196
2025-08-31 08:34:00+00:00,9.366894524627717e-08,0.011613926173118166
2025-08-31 08:35:00+00:00,6.561198501244755e-08,0.009720147036846946
2025-08-31 08:36:00+00:00,1.750338176714676e-07,0.015876041617699083
2025-08-31 08:37:00+00:00,3.47322514030763e-08,0.007072088943192801
2025-08-31 08:38:00+00:00,8.579974254365427e-08,0.011115378053078634
2025-08-31 08:39:00+00:00,3.506106113651463e-08,0.00710548577062688
2025-08-31 08:40:00+00:00,4.0568682421201455e-08,0.007643225934546885
2025-08-31 08:41:00+00:00,5.7667485282291916e-08,0.00911269327951404
2025-08-31 08:42:00+00:00,7.323690058945068e-08,0.010269427289231322
2025-08-31 08:43:00+00:00,2.8665822430574575e-09,0.002031718098064478
2025-08-31 08:44:00+00:00,1.0329725428106627e-06,0.03856786825386327
2025-08-31 08:45:00+00:00,1.6933097975004519e-07,0.01561526851642536
2025-08-31 08:46:00+00:00,1.3186992495695937e-07,0.01378015572981748
2025-08-31 08:47:00+00:00,1.7379248050846463e-07,0.01581964512661991
2025-08-31 08:48:00+00:00,6.13527170067454e-08,0.009399357025334945
2025-08-31 08:49:00+00:00,5.153356475706416e-08,0.008614425880473543
2025-08-31 08:50:00+00:00,1.9159458390152273e-08,0.005252582229896004
2025-08-31 08:51:00+00:00,9.531195153724315e-08,0.01171534080655062
2025-08-31 08:52:00+00:00,7.536391235197059e-08,0.010417486922806175
2025-08-31 08:53:00+00:00,8.488118469859892e-08,0.01105571824740403
2025-08-31 08:54:00+00:00,3.238217175810376e-08,0.0068286402256722695
2025-08-31 08:55:00+00:00,3.278067554856471e-08,0.006870529294743832
2025-08-31 08:56:00+00:00,3.262119301385581e-08,0.006853795878194241
2025-08-31 08:57:00+00:00,2.2984373950997337e-08,0.005753042541945624
2025-08-31 08:58:00+00:00,6.486228675019869e-08,0.009664455127956575
2025-08-31 08:59:00+00:00,6.454846612123578e-09,0.0030487668197909054
2025-08-31 09:00:00+00:00,1.2706228682153205e-07,0.01352662903398353
2025-08-31 09:01:00+00:00,2.1478128595045514e-07,0.01758650197647774
2025-08-31 09:02:00+00:00,1.0891500298716118e-07,0.01252348211567023
2025-08-31 09:03:00+00:00,7.736989568509536e-08,0.010555219078092948
2025-08-31 09:04:00+00:00,2.1191739958371307e-08,0.005524138443237523
2025-08-31 09:05:00+00:00,6.517097580465346e-08,0.0096874251046757
2025-08-31 09:06:00+00:00,1.8832749838225302e-07,0.01646789596974806
2025-08-31 09:07:00+00:00,2.1979809130728725e-07,0.01779070688540772
2025-08-31 09:08:00+00:00,9.170974679182818e-08,0.011491824719348644
2025-08-31 09:09:00+00:00,6.245975826622301e-08,0.009483778355874897
2025-08-31 09:10:00+00:00,1.1893776933706076e-07,0.013087031284648458
2025-08-31 09:11:00+00:00,2.937173333323879e-07,0.020565820187841734
2025-08-31 09:12:00+00:00,1.1869616246915645e-07,0.013073732212172059
2025-08-31 09:13:00+00:00,2.5944965426101337e-08,0.006112344085012388
2025-08-31 09:14:00+00:00,1.5307621212995697e-07,0.01484687662328808
2025-08-31 09:15:00+00:00,7.890298910156677e-08,0.010659282541815661
2025-08-31 09:16:00+00:00,5.743268573156847e-08,0.009094122687398636
2025-08-31 09:17:00+00:00,4.026312444316033e-08,0.007614387644331675
2025-08-31 09:18:00+00:00,1.0245811932196708e-07,0.01214659177809284
2025-08-31 09:19:00+00:00,1.3680810040380745e-07,0.014035799392321148
2025-08-31 09:20:00+00:00,8.31472129038938e-08,0.010942211229070981
2025-08-31 09:21:00+00:00,7.33529674327136e-08,0.010277561632172662
2025-08-31 09:22:00+00:00,2.5613746599101082e-08,0.006073203034865997
2025-08-31 09:23:00+00:00,1.5292582517712582e-07,0.014839581808631307
2025-08-31 09:24:00+00:00,5.08443176614135e-07,0.027058421504669382
2025-08-31 09:25:00+00:00,5.995634774090005e-08,0.009291778126219763
2025-08-31 09:26:00+00:00,1.0756299729499876e-07,0.012445509877252849
2025-08-31 09:27:00+00:00,1.1159572318298526e-07,0.012676665231183585
2025-08-31 09:28:00+00:00,9.20234305547624e-08,0.011511461245161619
2025-08-31 09:29:00+00:00,8.05148614698938e-08,0.010767608857896311
2025-08-31 09:30:00+00:00,5.3756958835749154e-08,0.008798296467128099
2025-08-31 09:31:00+00:00,5.257738849616983e-07,0.02751571177245549
2025-08-31 09:32:00+00:00,1.1026784213211665e-07,0.012601019509160677
2025-08-31 09:33:00+00:00,9.411785862387261e-08,0.01164172308631229
2025-08-31 09:34:00+00:00,1.4872313061015695e-07,0.014634251196375783
2025-08-31 09:35:00+00:00,2.777921259154035e-07,0.02000051652628454
2025-08-31 09:36:00+00:00,2.2336825338116754e-07,0.017934611366541547
2025-08-31 09:37:00+00:00,1.9912353543375775e-07,0.016933336677235563
2025-08-31 09:38:00+00:00,1.840196653686539e-07,0.01627846178638699
2025-08-31 09:39:00+00:00,1.1374047081750261e-07,0.012797901311433987
2025-08-31 09:40:00+00:00,1.2501852511118593e-07,0.01341740198995721
2025-08-31 09:41:00+00:00,1.2059188665805482e-07,0.01317772047008127
2025-08-31 09:42:00+00:00,7.588296162800194e-08,0.010453299227723409
2025-08-31 09:43:00+00:00,2.7866653173750154e-07,0.02003196959118105
2025-08-31 09:44:00+00:00,1.5869332887795878e-07,0.015116824851279473
2025-08-31 09:45:00+00:00,1.9271889717842203e-07,0.01665878782915875
2025-08-31 09:46:00+00:00,1.7668606097276305e-07,0.015950797089825285
2025-08-31 09:47:00+00:00,2.903227844415339e-07,0.020446633209303892
2025-08-31 09:48:00+00:00,6.583426588305431e-07,0.030789826708118737
2025-08-31 09:49:00+00:00,2.7369773982134495e-07,0.019852575282384318
2025-08-31 09:50:00+00:00,1.2324251503147675e-07,0.013321757453328992
2025-08-31 09:51:00+00:00,1.6807822858206904e-07,0.015557398534400906
2025-08-31 09:52:00+00:00,7.579839854051225e-08,0.010447473086748664
2025-08-31 09:53:00+00:00,2.3798886449679283e-07,0.018512265255105374
2025-08-31 09:54:00+00:00,1.929113878809849e-07,0.016667105284020326
2025-08-31 09:55:00+00:00,1.6716201785793297e-07,0.015514938147328319
2025-08-31 09:56:00+00:00,1.0845763335576728e-07,0.012497159358522435
2025-08-31 09:57:00+00:00,3.903814240752534e-08,0.007497661306489944
2025-08-31 09:58:00+00:00,2.1968006434062944e-07,0.017785929625704314
2025-08-31 09:59:00+00:00,4.3395410848925625e-07,0.0249978782344528
2025-08-31 10:00:00+00:00,1.335005008068522e-07,0.013865090016363659
2025-08-31 10:01:00+00:00,2.263209863515942e-07,0.018052762125123557
2025-08-31 10:02:00+00:00,1.942272405621391e-07,0.016723852020676347
2025-08-31 10:03:00+00:00,7.045151858318531e-08,0.010072248346808513
2025-08-31 10:04:00+00:00,4.1166623306581385e-07,0.024347471647273192
2025-08-31 10:05:00+00:00,1.6922389445151453e-07,0.015610330169800412
2025-08-31 10:06:00+00:00,1.0241187609783285e-07,0.012143850360609656
2025-08-31 10:07:00+00:00,4.5346704062719667e-07,0.025553718682476786
2025-08-31 10:08:00+00:00,6.046948692797564e-08,0.009331455469340512
2025-08-31 10:09:00+00:00,2.1156479951318427e-07,0.017454320705744618
2025-08-31 10:10:00+00:00,3.111875722360036e-07,0.021168611291717866
2025-08-31 10:11:00+00:00,2.889808828877156e-07,0.02039932526723152
2025-08-31 10:12:00+00:00,4.037126809770586e-07,0.024111123171825993
2025-08-31 10:13:00+00:00,3.2622642373999993e-07,0.021674087066947016
2025-08-31 10:14:00+00:00,1.1372667794606833e-07,0.012797125311660365
2025-08-31 10:15:00+00:00,2.4521061318275335e-07,0.018791042626293115
2025-08-31 10:16:00+00:00,1.5333982726150237e-07,0.014859655152679802
2025-08-31 10:17:00+00:00,3.700579240258324e-07,0.023084267599323978
2025-08-31 10:18:00+00:00,1.1162135992564278e-07,0.012678121244605827
2025-08-31 10:19:00+00:00,7.156879095750742e-08,0.010151800775173372
2025-08-31 10:20:00+00:00,4.6378082237118064e-07,0.025842685313536985
2025-08-31 10:21:00+00:00,1.18738449355913e-07,0.013076060839278576
2025-08-31 10:22:00+00:00,1.7073753331998727e-07,0.015679988774893357
2025-08-31 10:23:00+00:00,1.4149661999826775e-07,0.014274282216542644
2025-08-31 10:24:00+00:00,2.0312978384717284e-07,0.017102832769454564
2025-08-31 10:25:00+00:00,1.4056979240285504e-07,0.014227455888531556
2025-08-31 10:26:00+00:00,1.7141882205232225e-07,0.015711241318092727
2025-08-31 10:27:00+00:00,1.8204553152631936e-07,0.01619090996200954
2025-08-31 10:28:00+00:00,1.4958889347809535e-07,0.014676784614092329
2025-08-31 10:29:00+00:00,9.102225163141322e-08,0.0114486698943255
2025-08-31 10:30:00+00:00,4.333733466715531e-08,0.007899731762579262
2025-08-31 10:31:00+00:00,1.867564905127582e-07,0.01639906541051568
2025-08-31 10:32:00+00:00,2.0704622272978074e-07,0.017266920997412488
2025-08-31 10:33:00+00:00,1.1197217762718347e-07,0.012698028814865092
2025-08-31 10:34:00+00:00,1.6079778460106977e-07,0.015216727960555135
2025-08-31 10:35:00+00:00,1.257352571455933e-07,0.013455808050416532
2025-08-31 10:36:00+00:00,5.324808325512052e-07,0.02769065544319483
2025-08-31 10:37:00+00:00,1.3328797822656188e-07,0.013854049539620142
2025-08-31 10:38:00+00:00,1.920855221363678e-08,0.00525930748175432
2025-08-31 10:39:00+00:00,1.3693356656341592e-07,0.014042234005005006
2025-08-31 10:40:00+00:00,6.951308674810235e-08,0.01000494102517688
2025-08-31 10:41:00+00:00,2.2897699840903365e-08,0.0057421849300506545
2025-08-31 10:42:00+00:00,9.946941382313985e-08,0.011968122488733201
2025-08-31 10:43:00+00:00,7.343347296138087e-08,0.010283199942838243
2025-08-31 10:44:00+00:00,1.301521611011077e-07,0.013690110006336513
2025-08-31 10:45:00+00:00,1.1978995501653568e-07,0.013133831703802641
2025-08-31 10:46:00+00:00,1.7029309120040033e-07,0.015659567405537627
2025-08-31 10:47:00+00:00,1.4863082085992795e-07,0.014629708884263428
2025-08-31 10:48:00+00:00,5.063642634638854e-07,0.027003046853790316
2025-08-31 10:49:00+00:00,2.49995904328933e-07,0.018973510540584302
2025-08-31 10:50:00+00:00,2.1076354594317962e-07,0.017421237216632423
2025-08-31 10:51:00+00:00,2.1555669731406376e-07,0.017618219096499278
2025-08-31 10:52:00+00:00,5.2370708966203666e-08,0.008684113133264287
2025-08-31 10:53:00+00:00,6.683849392011467e-08,0.009810577518421897
2025-08-31 10:54:00+00:00,3.611518010715014e-08,0.007211508812606153
2025-08-31 10:55:00+00:00,1.3442691422711433e-07,0.013913114550202074
2025-08-31 10:56:00+00:00,1.9844364422131164e-07,0.01690440320386049
2025-08-31 10:57:00+00:00,1.8457177920547705e-07,0.0163028636152023
2025-08-31 10:58:00+00:00,1.503645915486976e-07,0.014714788881602228
2025-08-31 10:59:00+00:00,9.191513274426722e-08,0.011504685617249382
2025-08-31 11:00:00+00:00,1.1376648229062651e-07,0.012799364613077563
2025-08-31 11:01:00+00:00,1.3481442264353318e-07,0.013933153577230382
2025-08-31 11:02:00+00:00,1.3158047954810312e-07,0.013765024175397168
2025-08-31 11:03:00+00:00,1.7091283178103043e-07,0.015688036134732856
2025-08-31 11:04:00+00:00,9.796855165198399e-08,0.011877487713269038
2025-08-31 11:05:00+00:00,1.742662208481752e-07,0.015841191811898886
2025-08-31 11:06:00+00:00,1.8002473192035535e-07,0.016100795445111143
2025-08-31 11:07:00+00:00,7.244310237289602e-08,0.010213621660163952
2025-08-31 11:08:00+00:00,1.4562200189690432e-07,0.014480872996181626
2025-08-31 11:09:00+00:00,7.515565439792107e-09,0.0032897437944771073
2025-08-31 11:10:00+00:00,7.09212285323428e-08,0.010105769099211284
2025-08-31 11:11:00+00:00,5.1677799394129877e-08,0.008626472693259222
2025-08-31 11:12:00+00:00,9.377702030253006e-08,0.01162062430490046
2025-08-31 11:13:00+00:00,4.798911650949807e-08,0.008312901284971284
2025-08-31 11:14:00+00:00,3.83676911818624e-08,0.007432999078560541
2025-08-31 11:15:00+00:00,8.331745173851118e-08,0.010953407255436825
2025-08-31 11:16:00+00:00,5.645907530697184e-08,0.009016710511158682
2025-08-31 11:17:00+00:00,2.8021711064970635e-07,0.020087624034105606
2025-08-31 11:18:00+00:00,3.162549542747104e-07,0.02134027024560802
2025-08-31 11:19:00+00:00,4.6073172428370615e-07,0.025757594665817243
2025-08-31 11:20:00+00:00,2.9411636197291737e-07,0.020579785257407352
2025-08-31 11:21:00+00:00,1.110787978423736e-07,0.012647271203426373
2025-08-31 11:22:00+00:00,1.077232635783383e-07,0.012454778181597901
2025-08-31 11:23:00+00:00,1.434530987478401e-07,0.014372628924343999
2025-08-31 11:24:00+00:00,5.259347933899746e-08,0.00870256342971175
2025-08-31 11:25:00+00:00,2.762253533609292e-07,0.019944034417332366
2025-08-31 11:26:00+00:00,1.6022626954790897e-07,0.015189661883958738
2025-08-31 11:27:00+00:00,7.160872225216309e-08,0.010154632442541426
2025-08-31 11:28:00+00:00,6.818142130643923e-07,0.031333886876873815
2025-08-31 11:29:00+00:00,6.760316631504501e-07,0.031200730679531344
2025-08-31 11:30:00+00:00,4.739771998581479e-07,0.026125220913816843
2025-08-31 11:31:00+00:00,3.684710867820247e-07,0.02303472085713468
2025-08-31 11:32:00+00:00,4.132674463613077e-07,0.02439477654663562
2025-08-31 11:33:00+00:00,8.284124178183926e-08,0.010922059703455595
2025-08-31 11:34:00+00:00,3.166858348432446e-07,0.021354802789402487
2025-08-31 11:35:00+00:00,1.420396928692226e-07,0.014301648776685874
2025-08-31 11:36:00+00:00,3.110691443570607e-07,0.021164582865583897
2025-08-31 11:37:00+00:00,1.0077826455361211e-07,0.012046605370692668
2025-08-31 11:38:00+00:00,2.532270473850816e-07,0.01909573115213234
2025-08-31 11:39:00+00:00,6.421207610585503e-08,0.009615892553082697
2025-08-31 11:40:00+00:00,4.700604331635576e-08,0.008227314408453848
2025-08-31 11:41:00+00:00,9.550290297363737e-08,0.011727070404923722
2025-08-31 11:42:00+00:00,1.6029940542745521e-10,0.00048044889823532273
2025-08-31 11:43:00+00:00,9.356686349861553e-08,0.011607595937058042
2025-08-31 11:44:00+00:00,1.2987824650462113e-07,0.01367569650755143
2025-08-31 11:45:00+00:00,1.0988378619854027e-07,0.012579056090418629
2025-08-31 11:46:00+00:00,3.4400633449597094e-07,0.022256889308126554
2025-08-31 11:47:00+00:00,3.76919938533971e-08,0.007367256690851204
2025-08-31 11:48:00+00:00,2.881064481038954e-08,0.006441065791230589
2025-08-31 11:49:00+00:00,3.8425597498524785e-07,0.0235229378262741
2025-08-31 11:50:00+00:00,1.1040345041195523e-07,0.012608765545969023
2025-08-31 11:51:00+00:00,1.8150590063132423e-06,0.051124211183069306
2025-08-31 11:52:00+00:00,2.9329938405676365e-07,0.020551182765031793
2025-08-31 11:53:00+00:00,3.384862352692747e-07,0.022077594497312326
2025-08-31 11:54:00+00:00,1.0086255966264228e-07,0.012051642457117822
2025-08-31 11:55:00+00:00,3.258375689506933e-07,0.021661165695525217
2025-08-31 11:56:00+00:00,1.3171681017313095e-07,0.01377215330474173
2025-08-31 11:57:00+00:00,3.3426836774899984e-07,0.021939609147807525
2025-08-31 11:58:00+00:00,7.29924475042442e-08,0.010252274109001947
2025-08-31 11:59:00+00:00,5.883708978789575e-08,0.009204640639078197
2025-08-31 12:00:00+00:00,2.9559334912054426e-07,0.02063139410543029
2025-08-31 12:01:00+00:00,1.5127456626773554e-07,0.014759247115809776
2025-08-31 12:02:00+00:00,1.6805368642371463e-07,0.015556262676174796
2025-08-31 12:03:00+00:00,1.580958284314993e-07,0.01508833963500819
2025-08-31 12:04:00+00:00,1.3884995200164323e-07,0.01414015314211152
2025-08-31 12:05:00+00:00,5.3441876328187306e-08,0.008772474104412604
2025-08-31 12:06:00+00:00,5.8187936376173695e-08,0.009153722105334536
2025-08-31 12:07:00+00:00,1.6960494490403053e-07,0.015627895592875068
2025-08-31 12:08:00+00:00,7.188781587915587e-08,0.010174401941440316
2025-08-31 12:09:00+00:00,1.8295959468700082e-07,0.016231506903220082
2025-08-31 12:10:00+00:00,1.43645844480733e-07,0.014382281322942322
2025-08-31 12:11:00+00:00,2.804652733767372e-07,0.020096516953504694
2025-08-31 12:12:00+00:00,3.285542440725141e-07,0.021751278386899938
2025-08-31 12:13:00+00:00,1.5342735011958121e-07,0.01486389532296958
2025-08-31 12:14:00+00:00,2.0170288646358465e-07,0.017042656967373424
2025-08-31 12:15:00+00:00,1.1769763187729567e-07,0.013018624731641424
2025-08-31 12:16:00+00:00,1.5672260267459425e-07,0.015022667800740843
2025-08-31 12:17:00+00:00,3.1866718740249105e-07,0.021421502044898417
2025-08-31 12:18:00+00:00,1.991925557317716e-07,0.01693627114372438
2025-08-31 12:19:00+00:00,2.6812499112379333e-07,0.019649427147330843
2025-08-31 12:20:00+00:00,1.625972886354867e-07,0.015301637024681406
2025-08-31 12:21:00+00:00,1.1934749717520603e-07,0.013109553613006688
2025-08-31 12:22:00+00:00,1.0323455125451172e-07,0.012192528605933098
2025-08-31 12:23:00+00:00,1.7040110357740985e-08,0.004953560226256164
2025-08-31 12:24:00+00:00,7.448556245955915e-08,0.010356602239236823
2025-08-31 12:25:00+00:00,1.6759815250533087e-07,0.015535164614759525
2025-08-31 12:26:00+00:00,1.9100839950892035e-07,0.016584694609574374
2025-08-31 12:27:00+00:00,1.5772803452923456e-07,0.015070778670065383
2025-08-31 12:28:00+00:00,3.211310350350906e-07,0.02150415519034706
2025-08-31 12:29:00+00:00,4.167946061278137e-08,0.0077471558189057465
2025-08-31 12:30:00+00:00,3.377888118010077e-07,0.02205483822188345
2025-08-31 12:31:00+00:00,1.061418341761116e-07,0.012363019097841784
2025-08-31 12:32:00+00:00,1.99642033402889e-07,0.016955368710239248
2025-08-31 12:33:00+00:00,3.5027074152880496e-07,0.022458625688173334
2025-08-31 12:34:00+00:00,1.5084034660325377e-07,0.014738049365797546
2025-08-31 12:35:00+00:00,1.90436206124267e-07,0.01655983504805964
2025-08-31 12:36:00+00:00,1.842498338306111e-07,0.016288639007482484
2025-08-31 12:37:00+00:00,6.547746890634479e-08,0.009710177919334768
2025-08-31 12:38:00+00:00,1.1598356480672561e-07,0.012923479923058066
2025-08-31 12:39:00+00:00,3.836812175879707e-08,0.007433040786425686
2025-08-31 12:40:00+00:00,1.7077471803748169e-07,0.015681696144676877
2025-08-31 12:41:00+00:00,1.789884499788011e-08,0.005076843192077864
2025-08-31 12:42:00+00:00,6.313202322094593e-08,0.009534679514182014
2025-08-31 12:43:00+00:00,4.787075193171684e-08,0.00830264312021613
2025-08-31 12:44:00+00:00,1.0368564815747332e-07,0.012219137995241791
2025-08-31 12:45:00+00:00,4.551278390067879e-07,0.025600470467742865
2025-08-31 12:46:00+00:00,9.826583352278317e-08,0.01189549495703343
2025-08-31 12:47:00+00:00,1.543009435390796e-07,0.0149061517064692
2025-08-31 12:48:00+00:00,2.4846572525924227e-07,0.01891535472501927
2025-08-31 12:49:00+00:00,3.062611829872755e-07,0.021000383413206456
2025-08-31 12:50:00+00:00,8.057150546448581e-08,0.010771395818038607
2025-08-31 12:51:00+00:00,2.305487836698337e-07,0.01822059956435464
2025-08-31 12:52:00+00:00,5.007042585935836e-08,0.00849125510378036
2025-08-31 12:53:00+00:00,2.1480149664467478e-07,0.017587329392728494
2025-08-31 12:54:00+00:00,5.0114635515976215e-09,0.002686355805603676
2025-08-31 12:55:00+00:00,8.482808226381264e-08,0.01105225942782245
2025-08-31 12:56:00+00:00,4.0020125846858197e-07,0.02400603699478025
2025-08-31 12:57:00+00:00,1.5481965146890255e-07,0.014931185422303872
2025-08-31 12:58:00+00:00,2.1864771295519104e-07,0.01774408934421474
2025-08-31 12:59:00+00:00,4.980923505813847e-06,0.08469078963129308
2025-08-31 13:00:00+00:00,8.208241014382987e-07,0.03438003353795849
2025-08-31 13:01:00+00:00,5.326281213774627e-07,0.02769448491637904
2025-08-31 13:02:00+00:00,4.785531967421213e-07,0.02625103051898448
2025-08-31 13:03:00+00:00,8.622621547554029e-07,0.03523716082274195
2025-08-31 13:04:00+00:00,4.775495375442085e-07,0.026223488213120316
2025-08-31 13:05:00+00:00,5.340945167130695e-07,0.027732581994232345
2025-08-31 13:06:00+00:00,5.11125969680286e-07,0.027129714269406007
2025-08-31 13:07:00+00:00,3.783743994392599e-07,0.0233422178721846
2025-08-31 13:08:00+00:00,3.062987644395483e-07,0.021001671857091512
2025-08-31 13:09:00+00:00,2.16627036180031e-07,0.017661906241944685
2025-08-31 13:10:00+00:00,3.605630580245561e-07,0.02278619765461892
2025-08-31 13:11:00+00:00,1.8487386672755644e-07,0.01631619956018194
2025-08-31 13:12:00+00:00,2.4875545122407116e-07,0.018926379732074023
2025-08-31 13:13:00+00:00,1.883145746041423e-07,0.016467330913963105
2025-08-31 13:14:00+00:00,1.1667109170842514e-07,0.0129617272020411
2025-08-31 13:15:00+00:00,3.1671112157421785e-07,0.021355655341545335
2025-08-31 13:16:00+00:00,3.0371016922401273e-07,0.02091273878961286
2025-08-31 13:17:00+00:00,4.680063121175653e-07,0.02596014424939303
2025-08-31 13:18:00+00:00,2.3878710113277e-07,0.018543285189825152
2025-08-31 13:19:00+00:00,3.311388996103149e-07,0.02183666676576014
2025-08-31 13:20:00+00:00,5.409036373001129e-07,0.027908802154735388
2025-08-31 13:21:00+00:00,4.2322923880345157e-07,0.024687043238852444
2025-08-31 13:22:00+00:00,2.5912786566492415e-07,0.01931693885059149
2025-08-31 13:23:00+00:00,2.536087464852598e-07,0.019110117606618075
2025-08-31 13:24:00+00:00,8.648256384802244e-07,0.03528950154665723
2025-08-31 13:25:00+00:00,2.235806419991409e-07,0.017943135859675222
2025-08-31 13:26:00+00:00,1.5682065991798046e-07,0.015027366711499785
2025-08-31 13:27:00+00:00,1.5187908162589259e-07,0.014788707771177485
2025-08-31 13:28:00+00:00,6.753093292417527e-07,0.031184057370844547
2025-08-31 13:29:00+00:00,2.932023293513623e-07,0.020547782222565085
2025-08-31 13:30:00+00:00,3.6585847114794466e-07,0.022952912635503156
2025-08-31 13:31:00+00:00,1.598966812988784e-07,0.015174031141077342
2025-08-31 13:32:00+00:00,3.3488346878929195e-07,0.02195978586089993
2025-08-31 13:33:00+00:00,1.872883121681313e-07,0.016422398409553614
2025-08-31 13:34:00+00:00,1.7740847518174571e-07,0.015983372743626854
2025-08-31 13:35:00+00:00,3.1423122879142395e-07,0.02127188213251593
2025-08-31 13:36:00+00:00,2.7260177612762815e-07,0.019812787729741228
2025-08-31 13:37:00+00:00,1.6507117935653554e-07,0.015417603519140424
2025-08-31 13:38:00+00:00,2.4612848457939897e-07,0.018826179054559494
2025-08-31 13:39:00+00:00,1.6894093445914255e-07,0.015597273659879323
2025-08-31 13:40:00+00:00,1.886612991595297e-07,0.01648248375669525
2025-08-31 13:41:00+00:00,1.4744443276963358e-07,0.014571203903187696
2025-08-31 13:42:00+00:00,7.220871928180379e-08,0.010197085650606131
2025-08-31 13:43:00+00:00,1.3230685414932672e-07,0.013802965984708884
2025-08-31 13:44:00+00:00,1.1034150620050483e-07,0.01260522784120648
2025-08-31 13:45:00+00:00,2.901143392389316e-07,0.02043929178088276
2025-08-31 13:46:00+00:00,1.2467583519244963e-07,0.013399000062584054
2025-08-31 13:47:00+00:00,2.2244885067417308e-07,0.017897663114798235
2025-08-31 13:48:00+00:00,2.7011481084935414e-07,0.01972220392408186
2025-08-31 13:49:00+00:00,3.86635279841017e-07,0.023595652204825034
2025-08-31 13:50:00+00:00,1.5832711132477048e-07,0.015099372182566713
2025-08-31 13:51:00+00:00,2.681244992829812e-07,0.019649409125149106
2025-08-31 13:52:00+00:00,2.44764046325895e-08,0.005936836082538315
2025-08-31 13:53:00+00:00,4.741244197638129e-08,0.008262803183302206
2025-08-31 13:54:00+00:00,1.192344161507475e-07,0.013103341530200471
2025-08-31 13:55:00+00:00,7.978124589157695e-08,0.010718441774990933
2025-08-31 13:56:00+00:00,9.622356375474306e-08,0.011771233232199165
2025-08-31 13:57:00+00:00,1.0401797836633787e-07,0.01223870454123011
2025-08-31 13:58:00+00:00,1.3146926413035488e-07,0.013759205658311494
2025-08-31 13:59:00+00:00,6.640293460126903e-08,0.00977855949646099
2025-08-31 14:00:00+00:00,1.1409031072887712e-07,0.012817567922565616
2025-08-31 14:01:00+00:00,4.3143285500163496e-07,0.024925154186130012
2025-08-31 14:02:00+00:00,2.096008633034299e-07,0.01737311840623148
2025-08-31 14:03:00+00:00,1.357955779575046e-07,0.013983763165142875
2025-08-31 14:04:00+00:00,1.5868413931133847e-07,0.015116387154618903
2025-08-31 14:05:00+00:00,3.4749703785767936e-07,0.022369526917551435
2025-08-31 14:06:00+00:00,3.6676886428015446e-07,0.02298145262082931
2025-08-31 14:07:00+00:00,9.000767078792047e-07,0.036001534124896054
2025-08-31 14:08:00+00:00,1.1684024497518631e-07,0.012971119950269071
2025-08-31 14:09:00+00:00,2.0780768670907426e-07,0.017298643555523855
2025-08-31 14:10:00+00:00,1.5516661041879793e-07,0.014947906843537292
2025-08-31 14:11:00+00:00,6.607218968841174e-07,0.030845413459915382
2025-08-31 14:12:00+00:00,4.941798466945056e-07,0.026676187494469445
2025-08-31 14:13:00+00:00,2.3462459684671305e-07,0.018380952626544326
2025-08-31 14:14:00+00:00,8.314254856612263e-07,0.034601339560083016
2025-08-31 14:15:00+00:00,2.619728304236967e-07,0.019422689716157317
2025-08-31 14:16:00+00:00,1.610685066401628e-07,0.015229532151771258
2025-08-31 14:17:00+00:00,1.520952237348459e-07,0.014799227080431535
2025-08-31 14:18:00+00:00,3.553564277836793e-07,0.022621079903676088
2025-08-31 14:19:00+00:00,6.471123931279255e-07,0.030526084683499988
2025-08-31 14:20:00+00:00,1.311796903158255e-07,0.013744044312166224
2025-08-31 14:21:00+00:00,1.415027061191427e-07,0.01427458919939784
2025-08-31 14:22:00+00:00,2.235392206472596e-07,0.017941473677824067
2025-08-31 14:23:00+00:00,2.8625913764251143e-08,0.006420382840650676
2025-08-31 14:24:00+00:00,2.3575474900022237e-07,0.018425168616876215
2025-08-31 14:25:00+00:00,1.4234647623419384e-07,0.014317085100579628
2025-08-31 14:26:00+00:00,1.433088248966338e-07,0.014365399675997625
2025-08-31 14:27:00+00:00,1.1503615836366554e-07,0.012870589265596132
2025-08-31 14:28:00+00:00,2.584253864335991e-07,0.019290737582176132
2025-08-31 14:29:00+00:00,4.144207359293126e-08,0.007725062198702416
2025-08-31 14:30:00+00:00,1.6497146530268362e-07,0.01541294618286408
2025-08-31 14:31:00+00:00,2.667356543996275e-07,0.01959845254951175
2025-08-31 14:32:00+00:00,1.570612020189224e-07,0.015038887289532036
2025-08-31 14:33:00+00:00,1.074114764318721e-07,0.012436740974302547
2025-08-31 14:34:00+00:00,1.093470892121947e-07,0.012548299026782889
2025-08-31 14:35:00+00:00,1.0067537939216343e-07,0.012040454573009913
2025-08-31 14:36:00+00:00,1.148514772363456e-07,0.012860253777446916
2025-08-31 14:37:00+00:00,1.7318661345415032e-07,0.01579204620604868
2025-08-31 14:38:00+00:00,3.4439307884705526e-07,0.022269396793352072
2025-08-31 14:39:00+00:00,9.961163371967729e-08,0.011976675354886068
2025-08-31 14:40:00+00:00,2.031695685768831e-07,0.017104507556510117
2025-08-31 14:41:00+00:00,1.0352550587443813e-07,0.012209698131370444
2025-08-31 14:42:00+00:00,5.6925107064290945e-08,0.009053847478977044
2025-08-31 14:43:00+00:00,9.659712348968752e-08,0.011794060277323923
2025-08-31 14:44:00+00:00,1.3580860951955871e-07,0.01398443412184292
2025-08-31 14:45:00+00:00,9.032105748413652e-08,0.01140448695808613
2025-08-31 14:46:00+00:00,2.605562471018121e-07,0.019370105725746812
2025-08-31 14:47:00+00:00,5.483682437706422e-08,0.0088862268203649
2025-08-31 14:48:00+00:00,5.377803246943112e-08,0.008800020838383328
2025-08-31 14:49:00+00:00,2.1575619804193689e-07,0.017626370164625194
2025-08-31 14:50:00+00:00,6.765782070218128e-08,0.009870524900487362
2025-08-31 14:51:00+00:00,1.1800782562431033e-07,0.013035768826540568
2025-08-31 14:52:00+00:00,9.92129358453599e-08,0.011952682862743338
2025-08-31 14:53:00+00:00,1.1413629933268372e-08,0.004054087703035845
2025-08-31 14:54:00+00:00,6.844143643819279e-08,0.009927520761549563
2025-08-31 14:55:00+00:00,6.590808909030855e-08,0.009742055650120478
2025-08-31 14:56:00+00:00,2.795774131495706e-08,0.006345009652753742
2025-08-31 14:57:00+00:00,7.733163888157613e-08,0.010552609155534458
2025-08-31 14:58:00+00:00,1.0575636697757446e-07,0.012340549762782338
2025-08-31 14:59:00+00:00,1.5323951323818037e-07,0.014854793807487863
2025-08-31 15:00:00+00:00,2.0945505214095493e-07,0.017367074453775316
2025-08-31 15:01:00+00:00,1.5504585567748437e-07,0.01494208928415225
2025-08-31 15:02:00+00:00,4.812070007686292e-07,0.026323717083778765
2025-08-31 15:03:00+00:00,5.474646188337853e-07,0.0280775542225574
2025-08-31 15:04:00+00:00,8.146661285930206e-07,0.034250828094718376
2025-08-31 15:05:00+00:00,3.601086658253276e-07,0.022771835209057522
2025-08-31 15:06:00+00:00,4.456536403604252e-07,0.025332612224541952
2025-08-31 15:07:00+00:00,5.057429892239405e-07,0.02698647632579093
2025-08-31 15:08:00+00:00,1.6811953813244063e-07,0.015559310232485067
2025-08-31 15:09:00+00:00,2.951381065013458e-07,0.02061550080308354
2025-08-31 15:10:00+00:00,5.247303245825293e-07,0.027488391502575087
2025-08-31 15:11:00+00:00,1.491416467318094e-07,0.01465482757639289
2025-08-31 15:12:00+00:00,3.0587559536458145e-07,0.020987159343870177
2025-08-31 15:13:00+00:00,2.5150042991198694e-07,0.019030518097867467
2025-08-31 15:14:00+00:00,5.1310556090020815e-08,0.008595766444572002
2025-08-31 15:15:00+00:00,2.1768392951627064e-07,0.017704938816709582
2025-08-31 15:16:00+00:00,2.9509743280879327e-07,0.020614080218255247
2025-08-31 15:17:00+00:00,1.038645378569539e-07,0.012229674342107954
2025-08-31 15:18:00+00:00,3.1490088694717186e-07,0.021294536322820638
2025-08-31 15:19:00+00:00,1.5646873167471982e-07,0.01501049544857186
2025-08-31 15:20:00+00:00,1.222945953999607e-07,0.013270426420275401
2025-08-31 15:21:00+00:00,2.7063177333456574e-07,0.019741067691535195
2025-08-31 15:22:00+00:00,1.5616112367233943e-07,0.014995733329456376
2025-08-31 15:23:00+00:00,4.364636007209419e-08,0.00792784702828048
2025-08-31 15:24:00+00:00,1.5564821279459776e-07,0.014971086347497324
2025-08-31 15:25:00+00:00,1.715646120967774e-07,0.01571792102726564
2025-08-31 15:26:00+00:00,7.21353809712963e-08,0.01019190603364585
2025-08-31 15:27:00+00:00,8.931620422039393e-08,0.011340870075852525
2025-08-31 15:28:00+00:00,3.3456567049626314e-08,0.006940998238831494
2025-08-31 15:29:00+00:00,4.202950670994976e-08,0.007779620148974348
2025-08-31 15:30:00+00:00,3.0259168799762724e-07,0.020874195330996194
2025-08-31 15:31:00+00:00,1.1333913540944857e-07,0.012775302540042093
2025-08-31 15:32:00+00:00,1.7134608287917434e-07,0.015707907541936038
2025-08-31 15:33:00+00:00,1.0868581741865937e-07,0.012510298840670014
2025-08-31 15:34:00+00:00,1.6492955488907133e-07,0.015410988256444255
2025-08-31 15:35:00+00:00,1.2878324988602976e-07,0.013617924946036487
2025-08-31 15:36:00+00:00,1.6015793283735071e-07,0.015186422333314225
2025-08-31 15:37:00+00:00,1.324179617546695e-07,0.013808760441354758
2025-08-31 15:38:00+00:00,1.9250378354167248e-07,0.016649487929062814
2025-08-31 15:39:00+00:00,2.1748076201580097e-07,0.017696674752697282
2025-08-31 15:40:00+00:00,2.7279976645612264e-07,0.01981998142523894
2025-08-31 15:41:00+00:00,4.0695828476885827e-07,0.024207848522063168
2025-08-31 15:42:00+00:00,2.3489029638754317e-07,0.018391357394114828
2025-08-31 15:43:00+00:00,8.903589102767363e-07,0.03580665902871281
2025-08-31 15:44:00+00:00,9.589059112568943e-07,0.03715944714618246
2025-08-31 15:45:00+00:00,8.495057489725174e-07,0.03497553828778658
2025-08-31 15:46:00+00:00,1.9590234193710981e-07,0.016795814132974863
2025-08-31 15:47:00+00:00,3.8752679680876786e-07,0.023622840375463444
2025-08-31 15:48:00+00:00,2.1747242809694757e-07,0.01769633567888009
2025-08-31 15:49:00+00:00,9.471831887324032e-08,0.011678800416886403
2025-08-31 15:50:00+00:00,7.953405185910047e-08,0.010701823894883744
2025-08-31 15:51:00+00:00,1.7221591226501513e-07,0.015747727253849104
2025-08-31 15:52:00+00:00,3.4983565787433116e-07,0.02244467302811598
2025-08-31 15:53:00+00:00,9.40938625063515e-08,0.011640238915466734
2025-08-31 15:54:00+00:00,1.4396840455693072e-07,0.01439842014118147
2025-08-31 15:55:00+00:00,4.728277111752992e-08,0.008251496252755805
2025-08-31 15:56:00+00:00,2.63429458459895e-07,0.019476612133075118
2025-08-31 15:57:00+00:00,8.56232359606206e-08,0.011103938930996229
2025-08-31 15:58:00+00:00,1.6171736463363768e-07,0.015260177098331404
2025-08-31 15:59:00+00:00,5.750151499799403e-08,0.009099570407283599
2025-08-31 16:00:00+00:00,2.757859688561895e-07,0.019928165875285984
2025-08-31 16:01:00+00:00,4.746424320898175e-07,0.026143548003462292
2025-08-31 16:02:00+00:00,2.8803668963361943e-07,0.020365972431298535
2025-08-31 16:03:00+00:00,2.2042160644511022e-07,0.017815923026353663
2025-08-31 16:04:00+00:00,1.0644552163978076e-07,0.012380692676958115
2025-08-31 16:05:00+00:00,2.0718762698002584e-07,0.017272816297617396
2025-08-31 16:06:00+00:00,1.9395949549563965e-07,0.01671232100917527
2025-08-31 16:07:00+00:00,2.4159184461961577e-07,0.018651870047055513
2025-08-31 16:08:00+00:00,4.873968981932544e-07,0.026492480695440475
2025-08-31 16:09:00+00:00,3.459586338141425e-07,0.022319955929444957
2025-08-31 16:10:00+00:00,2.7516487175146235e-07,0.019905713132719105
2025-08-31 16:11:00+00:00,2.351040187684857e-07,0.01839972247145645
2025-08-31 16:12:00+00:00,1.6309066359285587e-07,0.01532483460183869
2025-08-31 16:13:00+00:00,1.2269260072859538e-07,0.013292003048795067
2025-08-31 16:14:00+00:00,1.2487516209812738e-07,0.01340970668662456
2025-08-31 16:15:00+00:00,1.4922162843241795e-07,0.014658756596065093
2025-08-31 16:16:00+00:00,3.809335063178074e-07,0.023421021521224106
2025-08-31 16:17:00+00:00,1.1449771021569939e-07,0.012840432341265116
2025-08-31 16:18:00+00:00,1.1457408800659515e-07,0.012844714349859907
2025-08-31 16:19:00+00:00,2.4324430422492875e-07,0.018715549633497204
2025-08-31 16:20:00+00:00,1.9540829008342083e-07,0.016774621835383533
2025-08-31 16:21:00+00:00,5.059893433946262e-07,0.026993048262251927
2025-08-31 16:22:00+00:00,1.2403874504195838e-07,0.013364721952230062
2025-08-31 16:23:00+00:00,1.095626553803927e-07,0.012560661755965149
2025-08-31 16:24:00+00:00,1.6356424960913239e-07,0.015347068757165018
2025-08-31 16:25:00+00:00,7.944677346078707e-08,0.010695950345038695
2025-08-31 16:26:00+00:00,9.317677787897596e-08,0.011583374298783812
2025-08-31 16:27:00+00:00,5.502983747622439e-08,0.008901851827893065
2025-08-31 16:28:00+00:00,5.55595674121232e-07,0.02828529248097983
2025-08-31 16:29:00+00:00,1.6340044762635493e-07,0.0153393821447264
2025-08-31 16:30:00+00:00,3.734947125360513e-07,0.02319121355280732
2025-08-31 16:31:00+00:00,2.0855263668610005e-07,0.01732962194705886
2025-08-31 16:32:00+00:00,3.055889091832902e-08,0.0066336116047288896
2025-08-31 16:33:00+00:00,1.3752779282225853e-07,0.014072669315522635
2025-08-31 16:34:00+00:00,2.1335029486024102e-07,0.01752781859213368
2025-08-31 16:35:00+00:00,1.113628364640729e-07,0.012663430992754887
2025-08-31 16:36:00+00:00,1.6576938913192172e-07,0.015450175414860741
2025-08-31 16:37:00+00:00,1.5420862518470405e-07,0.01490169185918075
2025-08-31 16:38:00+00:00,2.7806145896542945e-07,0.020010209916695488
2025-08-31 16:39:00+00:00,2.172363963061918e-07,0.017686729790464834
2025-08-31 16:40:00+00:00,1.6676604312502325e-07,0.015496551296983256
2025-08-31 16:41:00+00:00,6.049084105083562e-08,0.009333102973459755
2025-08-31 16:42:00+00:00,2.8046215361496745e-07,0.020096405181164942
2025-08-31 16:43:00+00:00,8.364753814491672e-08,0.01097508336773257
2025-08-31 16:44:00+00:00,1.0960282917012508e-07,0.012562964379674892
2025-08-31 16:45:00+00:00,2.385335409777996e-07,0.018533437323066424
2025-08-31 16:46:00+00:00,1.1100836496264206e-07,0.01264326087471917
2025-08-31 16:47:00+00:00,2.559595491518979e-07,0.0191984830332694
2025-08-31 16:48:00+00:00,5.070498810745306e-08,0.008544892209661419
2025-08-31 16:49:00+00:00,3.8969757694797974e-07,0.023688911135911057
2025-08-31 16:50:00+00:00,8.95265421590953e-08,0.01135421598830572
2025-08-31 16:51:00+00:00,2.250463662548785e-07,0.018001854554657002
2025-08-31 16:52:00+00:00,4.592908113267124e-07,0.02571728539932755
2025-08-31 16:53:00+00:00,8.104472889388355e-08,0.010802981514711218
2025-08-31 16:54:00+00:00,8.236020939206153e-08,0.010890303096083626
2025-08-31 16:55:00+00:00,1.1532538150702535e-07,0.012886758683630128
2025-08-31 16:56:00+00:00,3.2841061184201984e-07,0.02174652342450417
2025-08-31 16:57:00+00:00,4.844370094148873e-08,0.008352181113681849
2025-08-31 16:58:00+00:00,6.314127799649058e-08,0.009535378351955755
2025-08-31 16:59:00+00:00,1.2190780895166208e-07,0.013249424322980732
2025-08-31 17:00:00+00:00,1.1855213477176719e-07,0.01306579787350718
2025-08-31 17:01:00+00:00,3.5277097719892375e-08,0.007127343173767138
2025-08-31 17:02:00+00:00,8.93691279114793e-08,0.011344229554823466
2025-08-31 17:03:00+00:00,1.0614112395005524e-08,0.003909516830608094
2025-08-31 17:04:00+00:00,1.0807369405441399e-07,0.012475019817152842
2025-08-31 17:05:00+00:00,4.8646228204710914e-08,0.00836962177250464
2025-08-31 17:06:00+00:00,6.788293161371355e-08,0.009886931855927173
2025-08-31 17:07:00+00:00,5.0693515917232554e-08,0.008543925498318375
2025-08-31 17:08:00+00:00,1.3155119630264115e-07,0.013763492386592992
2025-08-31 17:09:00+00:00,6.314018050401199e-08,0.00953529548182841
2025-08-31 17:10:00+00:00,1.0692411627919586e-07,0.012408494164967884
2025-08-31 17:11:00+00:00,1.4212799958471633e-07,0.014306093785586319
2025-08-31 17:12:00+00:00,2.0823798822674114e-07,0.017316544200460644
2025-08-31 17:13:00+00:00,5.925466524798358e-08,0.009237246232351736
2025-08-31 17:14:00+00:00,5.533396399050524e-08,0.008926416310386131
2025-08-31 17:15:00+00:00,2.601855760964486e-07,0.019356322728733524
2025-08-31 17:16:00+00:00,6.613594567883443e-08,0.009758881174474949
2025-08-31 17:17:00+00:00,2.083297106347252e-07,0.017320357482280908
2025-08-31 17:18:00+00:00,1.5991528534135204e-07,0.015174913867681324
2025-08-31 17:19:00+00:00,1.5051118086533355e-07,0.014721959803167522
2025-08-31 17:20:00+00:00,3.3873100187160547e-07,0.02208557544405651
2025-08-31 17:21:00+00:00,7.141464546507485e-07,0.03206822250604292
2025-08-31 17:22:00+00:00,6.622397503303927e-08,0.009765373728003273
2025-08-31 17:23:00+00:00,2.3185119877859311e-07,0.018271992946615707
2025-08-31 17:24:00+00:00,2.8180873928402776e-07,0.020144591943472075
2025-08-31 17:25:00+00:00,5.394214949079422e-08,0.00881343833397294
2025-08-31 17:26:00+00:00,3.6259896590283465e-08,0.0072259429204781424
2025-08-31 17:27:00+00:00,6.732386929172893e-07,0.031136212322646063
2025-08-31 17:28:00+00:00,1.0101988314835867e-07,0.012061037755252925
2025-08-31 17:29:00+00:00,9.124784031957594e-07,0.03624870895082877
2025-08-31 17:30:00+00:00,1.3611805241880102e-07,0.014000356976987175
2025-08-31 17:31:00+00:00,9.814058540406756e-08,0.01188791163248858
2025-08-31 17:32:00+00:00,8.357357372826408e-08,0.010970229996162354
2025-08-31 17:33:00+00:00,8.061475010141689e-08,0.010774286062010805
2025-08-31 17:34:00+00:00,3.293883568193873e-07,0.02177887127056675
2025-08-31 17:35:00+00:00,1.0472355250901677e-07,0.012280143143016864
2025-08-31 17:36:00+00:00,4.611820857506789e-07,0.025770180509281995
2025-08-31 17:37:00+00:00,4.8019632372563807e-08,0.008315543915853723
2025-08-31 17:38:00+00:00,4.942820502487639e-07,0.026678945862950058
2025-08-31 17:39:00+00:00,1.1842883871914113e-07,0.01305900179016617
2025-08-31 17:40:00+00:00,5.4987628779390606e-08,0.0088984372471981
2025-08-31 17:41:00+00:00,2.449880687022629e-08,0.005939552331036899
2025-08-31 17:42:00+00:00,4.270035235096333e-08,0.007841460794098712
2025-08-31 17:43:00+00:00,3.3992719556470734e-08,0.0069963930822472984
2025-08-31 17:44:00+00:00,7.806857223748437e-08,0.01060277058235146
2025-08-31 17:45:00+00:00,1.119750082184687e-07,0.012698189313228676
2025-08-31 17:46:00+00:00,1.9134914955473436e-07,0.016599481177398814
2025-08-31 17:47:00+00:00,1.1872570388163998e-07,0.013075359023352344
2025-08-31 17:48:00+00:00,2.2450355029521355e-07,0.017980131045826877
2025-08-31 17:49:00+00:00,5.2070195046775595e-09,0.0027382673512160362
2025-08-31 17:50:00+00:00,2.138312055675133e-07,0.017547562110367898
2025-08-31 17:51:00+00:00,1.2089099611309991e-08,0.004172325902933085
2025-08-31 17:52:00+00:00,3.035738349360059e-08,0.006611704185063398
2025-08-31 17:53:00+00:00,4.920015244622294e-08,0.008417138440263474
2025-08-31 17:54:00+00:00,9.372479850056742e-08,0.011617388253855384
2025-08-31 17:55:00+00:00,6.591751702384376e-08,0.00974275240957785
2025-08-31 17:56:00+00:00,2.4464455900471223e-08,0.005935386802616874
2025-08-31 17:57:00+00:00,6.902485413054775e-08,0.009969743725291476
2025-08-31 17:58:00+00:00,1.2381624575304937e-08,0.0042225039240288585
2025-08-31 17:59:00+00:00,8.65489502512477e-08,0.011163802594178951
2025-08-31 18:00:00+00:00,2.6269067898221292e-08,0.006150403057803501
2025-08-31 18:01:00+00:00,1.7632144618335755e-07,0.015934330312380087
2025-08-31 18:02:00+00:00,1.2921502664002077e-07,0.013640734524270675
2025-08-31 18:03:00+00:00,8.726896437672251e-08,0.011210143116949062
2025-08-31 18:04:00+00:00,9.349574822428886e-08,0.011603183935583196
2025-08-31 18:05:00+00:00,1.6973542758321227e-07,0.015633905964915668
2025-08-31 18:06:00+00:00,1.0489926134700993e-07,0.012290440852129523
2025-08-31 18:07:00+00:00,1.1845376079679709e-07,0.013060375781247179
2025-08-31 18:08:00+00:00,2.9973046402927764e-08,0.006569717407941988
2025-08-31 18:09:00+00:00,1.6808359746990104e-07,0.015557647005786495
2025-08-31 18:10:00+00:00,4.0245806263204675e-08,0.007612749898624986
2025-08-31 18:11:00+00:00,9.186379657514232e-08,0.011501472386968763
2025-08-31 18:12:00+00:00,1.2340010480453155e-07,0.013330271974664487
2025-08-31 18:13:00+00:00,1.1210695132727268e-07,0.012705668416548287
2025-08-31 18:14:00+00:00,4.4775732537024014e-08,0.008029760572602062
2025-08-31 18:15:00+00:00,5.586748191313167e-08,0.00896934635048227
2025-08-31 18:16:00+00:00,3.633638694156752e-07,0.02287452670458063
2025-08-31 18:17:00+00:00,7.496780898187507e-08,0.010390074346889924
2025-08-31 18:18:00+00:00,1.1686276825739847e-07,0.01297237011076441
2025-08-31 18:19:00+00:00,1.1595423529501375e-07,0.012921845797904407
2025-08-31 18:20:00+00:00,1.0871993228039168e-07,0.012512262085001417
2025-08-31 18:21:00+00:00,2.6526176617658932e-08,0.0061804283289614214
2025-08-31 18:22:00+00:00,2.505915334727282e-07,0.01899609981550762
2025-08-31 18:23:00+00:00,3.1161823321589793e-07,0.021183254136956698
2025-08-31 18:24:00+00:00,3.5020761316607196e-07,0.022456601767835302
2025-08-31 18:25:00+00:00,5.0296022580986956e-08,0.008510362654823895
2025-08-31 18:26:00+00:00,4.197153427042963e-08,0.007774252976937313
2025-08-31 18:27:00+00:00,1.6125160084131097e-07,0.015238185758530698
2025-08-31 18:28:00+00:00,2.2711576725959827e-08,0.00571879974167501
2025-08-31 18:29:00+00:00,1.251308009569433e-07,0.013423425545590006
2025-08-31 18:30:00+00:00,8.92985779002612e-08,0.011339750975060086
2025-08-31 18:31:00+00:00,2.7120313741817444e-07,0.019761895604475076
2025-08-31 18:32:00+00:00,1.716117387895948e-07,0.01572007963901635
2025-08-31 18:33:00+00:00,2.1920746415773755e-07,0.017766787790344716
2025-08-31 18:34:00+00:00,1.6128883745413182e-07,0.015239945076474188
2025-08-31 18:35:00+00:00,8.163729576514388e-08,0.010842403142376103
2025-08-31 18:36:00+00:00,3.3600621571859124e-07,0.02199656679199669
2025-08-31 18:37:00+00:00,1.3486849013786104e-07,0.013935947251569228
2025-08-31 18:38:00+00:00,1.638397301018774e-07,0.015359987348520293
2025-08-31 18:39:00+00:00,1.3139348279349114e-07,0.013755239555261378
2025-08-31 18:40:00+00:00,1.379590999383143e-07,0.014094719007882797
2025-08-31 18:41:00+00:00,2.5203968140115887e-09,0.0019050909196614968
2025-08-31 18:42:00+00:00,1.4975217417444853e-07,0.014684792501469195
2025-08-31 18:43:00+00:00,4.619944232578551e-08,0.008156420596630064
2025-08-31 18:44:00+00:00,9.346964001528641e-08,0.011601563757615282
2025-08-31 18:45:00+00:00,1.461100675424478e-07,0.014505119691375348
2025-08-31 18:46:00+00:00,1.8020964114633772e-07,0.01610906214683916
2025-08-31 18:47:00+00:00,6.619953218119239e-09,0.003087512369868614
2025-08-31 18:48:00+00:00,1.550821834706208e-07,0.014943839673848684
2025-08-31 18:49:00+00:00,7.802969619577094e-08,0.010600130306836333
2025-08-31 18:50:00+00:00,1.5481179532137978e-07,0.014930806584467797
2025-08-31 18:51:00+00:00,3.046511461229942e-08,0.006623425476421636
2025-08-31 18:52:00+00:00,1.8086350322234276e-07,0.016138260273033573
2025-08-31 18:53:00+00:00,2.8321641916649224e-08,0.006386169772248064
2025-08-31 18:54:00+00:00,1.0104396293869545e-07,0.012062475145330723
2025-08-31 18:55:00+00:00,6.779350608802038e-08,0.009880417438891401
2025-08-31 18:56:00+00:00,2.5720602616403532e-08,0.006085858014086517
2025-08-31 18:57:00+00:00,3.487172989637546e-08,0.007086274835961463
2025-08-31 18:58:00+00:00,8.69155126641109e-09,0.0035377724380790763
2025-08-31 18:59:00+00:00,3.919057714865134e-08,0.007512285344291571
2025-08-31 19:00:00+00:00,4.527041300592218e-08,0.008073994967085869
2025-08-31 19:01:00+00:00,1.235448178753157e-07,0.013338085984895082
2025-08-31 19:02:00+00:00,8.110530336162998e-08,0.010807017943944907
2025-08-31 19:03:00+00:00,7.351984876593417e-08,0.010289245950162975
2025-08-31 19:04:00+00:00,3.3077610483862054e-08,0.006901576566029052
2025-08-31 19:05:00+00:00,1.2452678764954794e-07,0.013390988545113055
2025-08-31 19:06:00+00:00,6.485100904100731e-08,0.00966361490432284
2025-08-31 19:07:00+00:00,6.337109549287544e-08,0.00955271571385544
2025-08-31 19:08:00+00:00,3.024649914966632e-07,0.020869824813715975
2025-08-31 19:09:00+00:00,4.1478274138669455e-08,0.007728435466488934
2025-08-31 19:10:00+00:00,1.1935982532379246e-07,0.013110230679368732
2025-08-31 19:11:00+00:00,1.650364082152234e-07,0.015415979626021878
2025-08-31 19:12:00+00:00,8.12458957685907e-09,0.003420439882628704
2025-08-31 19:13:00+00:00,4.0464011338596985e-08,0.0076333594391709125
2025-08-31 19:14:00+00:00,1.995416187668221e-08,0.005360409788665637
2025-08-31 19:15:00+00:00,7.913377121837537e-08,0.01067485974401821
2025-08-31 19:16:00+00:00,1.2019331394602947e-07,0.013155925360166895
2025-08-31 19:17:00+00:00,6.002932887061581e-10,0.0009297431557892038
2025-08-31 19:18:00+00:00,1.714956629795109e-08,0.00496944418109808
2025-08-31 19:19:00+00:00,9.798566754017426e-08,0.011878525213924955
2025-08-31 19:20:00+00:00,1.54606899977614e-07,0.014920922758588495
2025-08-31 19:21:00+00:00,3.334197151721192e-07,0.021911740913214805
2025-08-31 19:22:00+00:00,1.0776966234072323e-07,0.012457460165324289
2025-08-31 19:23:00+00:00,8.745524089800089e-08,0.011222100823514344
2025-08-31 19:24:00+00:00,1.18888176506662e-08,0.004137619776750799
2025-08-31 19:25:00+00:00,7.105729144732764e-08,0.010115458451506376
2025-08-31 19:26:00+00:00,5.296675271545852e-08,0.008733391317824954
2025-08-31 19:27:00+00:00,5.404709625627285e-10,0.0008822007629164288
2025-08-31 19:28:00+00:00,7.546489057194988e-08,0.010424463651603752
2025-08-31 19:29:00+00:00,3.131942960240375e-07,0.02123675554962702
2025-08-31 19:30:00+00:00,1.480915673232736e-07,0.014603145446975252
2025-08-31 19:31:00+00:00,6.343823871689234e-08,0.009557775041939677
2025-08-31 19:32:00+00:00,6.576625079599506e-09,0.003077391771390716
2025-08-31 19:33:00+00:00,3.4202033401937804e-08,0.007017900547798497
2025-08-31 19:34:00+00:00,1.0961752883594072e-07,0.01256380680859725
2025-08-31 19:35:00+00:00,1.269932241854717e-07,0.013522952444901936
2025-08-31 19:36:00+00:00,3.037274709610026e-08,0.006613377035855764
2025-08-31 19:37:00+00:00,8.610048228760873e-08,0.011134841466952126
2025-08-31 19:38:00+00:00,2.7637831370231396e-08,0.006308603424937504
2025-08-31 19:39:00+00:00,1.1948470918909245e-07,0.01311708737610195
2025-08-31 19:40:00+00:00,1.4477966849864627e-07,0.014438930799683565
2025-08-31 19:41:00+00:00,2.471125140612735e-07,0.018863775344512397
2025-08-31 19:42:00+00:00,2.2543229852621167e-07,0.018017283643150674
2025-08-31 19:43:00+00:00,3.716299027413721e-08,0.007315374631196791
2025-08-31 19:44:00+00:00,3.583992676883552e-08,0.007183974843157731
2025-08-31 19:45:00+00:00,6.465026158506957e-08,0.009648646365293952
2025-08-31 19:46:00+00:00,1.0297549075486533e-07,0.012177220811293769
2025-08-31 19:47:00+00:00,3.7650474482424216e-08,0.007363197895934271
2025-08-31 19:48:00+00:00,1.1945973469875716e-07,0.01311571644883383
2025-08-31 19:49:00+00:00,9.724868622064711e-09,0.0037421665938027378
2025-08-31 19:50:00+00:00,3.194675568045677e-08,0.006782575335361765
2025-08-31 19:51:00+00:00,3.895795808877992e-08,0.007489957252738035
2025-08-31 19:52:00+00:00,1.6981659670004563e-07,0.015637643660349396
2025-08-31 19:53:00+00:00,1.0331255155699055e-07,0.012197133853576682
2025-08-31 19:54:00+00:00,1.915829621990922e-08,0.005252422922487228
2025-08-31 19:55:00+00:00,1.7673384147886938e-06,0.0504476690967553
2025-08-31 19:56:00+00:00,4.622520960055953e-07,0.025800058493113096
2025-08-31 19:57:00+00:00,3.2777943003277465e-07,0.021725615739195875
2025-08-31 19:58:00+00:00,3.9045060689983e-07,0.023711787657950956
2025-08-31 19:59:00+00:00,2.0824608977129684e-08,0.005476078608554368
2025-08-31 20:00:00+00:00,4.38293725559215e-07,0.02512255888251174
2025-08-31 20:01:00+00:00,8.319094729519581e-07,0.03461140911680453
2025-08-31 20:02:00+00:00,3.461424552036003e-07,0.022325884875927866
2025-08-31 20:03:00+00:00,1.1765162460848672e-07,0.01301608003341332
2025-08-31 20:04:00+00:00,6.474478709135899e-08,0.009655697458576305
2025-08-31 20:05:00+00:00,4.510706272776909e-08,0.008059415011524565
2025-08-31 20:06:00+00:00,7.261648957563746e-08,0.010225837129004057
2025-08-31 20:07:00+00:00,2.794672923150008e-07,0.020060730319048734
2025-08-31 20:08:00+00:00,3.008940676949649e-07,0.02081555806315914
2025-08-31 20:09:00+00:00,5.282317583930234e-08,0.008721546491798078
2025-08-31 20:10:00+00:00,2.2907252159021204e-07,0.01816217032983408
2025-08-31 20:11:00+00:00,2.78754795615421e-07,0.020035141768557724
2025-08-31 20:12:00+00:00,3.430212246815712e-08,0.007028161662493703
2025-08-31 20:13:00+00:00,8.204453329186994e-08,0.010869412492876178
2025-08-31 20:14:00+00:00,1.2480369144414737e-07,0.013405868702906656
2025-08-31 20:15:00+00:00,6.263345739939338e-08,0.009496956283732514
2025-08-31 20:16:00+00:00,3.506397200744782e-08,0.007105780723518343
2025-08-31 20:17:00+00:00,3.482271083617536e-07,0.022393013107684396
2025-08-31 20:18:00+00:00,3.371634017283244e-08,0.006967892783968387
2025-08-31 20:19:00+00:00,9.216380477953426e-08,0.011520237796266592
2025-08-31 20:20:00+00:00,2.70135484215182e-07,0.019722958633781647
2025-08-31 20:21:00+00:00,1.5418283354659895e-08,0.004711934637779927
2025-08-31 20:22:00+00:00,1.0703433527376574e-07,0.012414887949322082
2025-08-31 20:23:00+00:00,3.574553076467669e-07,0.022687786207811117
2025-08-31 20:24:00+00:00,7.155886544235576e-08,0.010151096799705552
2025-08-31 20:25:00+00:00,1.3146038633775662e-07,0.01375874108799092
2025-08-31 20:26:00+00:00,9.368820257390972e-09,0.0036730234372575137
2025-08-31 20:27:00+00:00,1.314632710012698e-07,0.013758892042669299
2025-08-31 20:28:00+00:00,4.3993430640240845e-08,0.007959305253723268
2025-08-31 20:29:00+00:00,4.023791745680311e-11,0.00024071269417668125
2025-08-31 20:30:00+00:00,6.71077356813315e-08,0.009830317359125157
2025-08-31 20:31:00+00:00,2.0976360744346887e-07,0.01737986175775271
2025-08-31 20:32:00+00:00,2.3364309941294035e-08,0.005800397082568004
2025-08-31 20:33:00+00:00,3.490772290733957e-08,0.007089930957813975
2025-08-31 20:34:00+00:00,1.6428899800422772e-07,0.015381032381673472
2025-08-31 20:35:00+00:00,5.422344416431783e-08,0.008836388379684184
2025-08-31 20:36:00+00:00,6.274373154980988e-08,0.009505312905513747
2025-08-31 20:37:00+00:00,2.237096323659173e-07,0.017948311079511656
2025-08-31 20:38:00+00:00,8.14084929713717e-08,0.01082719861639082
2025-08-31 20:39:00+00:00,9.243300242307408e-08,0.01153705003409566
2025-08-31 20:40:00+00:00,7.85456226356167e-08,0.010635116200366033
2025-08-31 20:41:00+00:00,7.752582691762894e-08,0.01056585021479037
2025-08-31 20:42:00+00:00,6.148544440817396e-08,0.009409518582147043
2025-08-31 20:43:00+00:00,9.124099033423817e-08,0.011462417985804869
2025-08-31 20:44:00+00:00,5.933228417622386e-08,0.009243294283628665
2025-08-31 20:45:00+00:00,5.873680509487895e-08,0.009196792883208021
2025-08-31 20:46:00+00:00,2.7747488826488273e-08,0.006321106225190581
2025-08-31 20:47:00+00:00,1.2854644209709424e-08,0.004302404869602763
2025-08-31 20:48:00+00:00,2.6151438620710696e-07,0.019405687726494883
2025-08-31 20:49:00+00:00,7.274054962734143e-08,0.01023456845516076
2025-08-31 20:50:00+00:00,1.5154767440641717e-08,0.0046714949549928955
2025-08-31 20:51:00+00:00,3.160153772940071e-08,0.006745829402700384
2025-08-31 20:52:00+00:00,1.0824809479897607e-07,0.0124850813577856
2025-08-31 20:53:00+00:00,2.7951615461798906e-08,0.006344314483456067
2025-08-31 20:54:00+00:00,8.508541228180317e-08,0.011069010510691394
2025-08-31 20:55:00+00:00,9.520464450540848e-08,0.011708744086698121
2025-08-31 20:56:00+00:00,1.3788051079710214e-07,0.014090703869850755
2025-08-31 20:57:00+00:00,2.9303800179490167e-08,0.0064959581478382265
2025-08-31 20:58:00+00:00,3.3233461052015848e-09,0.0021876056297903154
2025-08-31 20:59:00+00:00,3.5319740944766644e-08,0.007131649666133633
2025-08-31 21:00:00+00:00,1.2541744790512477e-07,0.013438791797753981
2025-08-31 21:01:00+00:00,3.195829869712344e-07,0.021452260981970582
2025-08-31 21:02:00+00:00,5.351874295186249e-08,0.008778780658535785
2025-08-31 21:03:00+00:00,1.5369955524427475e-07,0.014877074966261198
2025-08-31 21:04:00+00:00,5.433499671702579e-08,0.008845473151421417
2025-08-31 21:05:00+00:00,3.0500508776847506e-07,0.02095727383002389
2025-08-31 21:06:00+00:00,1.8808000419635408e-07,0.016457071612007705
2025-08-31 21:07:00+00:00,2.048581402438041e-07,0.017175439498047146
2025-08-31 21:08:00+00:00,4.176232319489911e-08,0.0077548530225049865
2025-08-31 21:09:00+00:00,5.0051534032017754e-08,0.00848965305569701
2025-08-31 21:10:00+00:00,1.4391049228951264e-07,0.014395523918805395
2025-08-31 21:11:00+00:00,1.5120259969784054e-08,0.004666173416889801
2025-08-31 21:12:00+00:00,1.5545853390632367e-08,0.004731387627589881
2025-08-31 21:13:00+00:00,1.868538281768991e-08,0.005187191075859214
2025-08-31 21:14:00+00:00,7.155405950709814e-07,0.03209950867072911
2025-08-31 21:15:00+00:00,1.6663071175334167e-07,0.01549026226133089
2025-08-31 21:16:00+00:00,1.8481949697446604e-07,0.016313800159473302
2025-08-31 21:17:00+00:00,1.8381295616432744e-07,0.016269316423151638
2025-08-31 21:18:00+00:00,1.6430130246275286e-07,0.01538160835369189
2025-08-31 21:19:00+00:00,7.673302802579097e-08,0.010511686846417134
2025-08-31 21:20:00+00:00,7.628541577496239e-08,0.010480982717090312
2025-08-31 21:21:00+00:00,2.356543425411212e-08,0.005825309032654101
2025-08-31 21:22:00+00:00,2.266926262137305e-07,0.01806757819265692
2025-08-31 21:23:00+00:00,9.113917114959902e-08,0.011456020533126788
2025-08-31 21:24:00+00:00,3.766669647943139e-08,0.007364783970381018
2025-08-31 21:25:00+00:00,4.6539373797637996e-08,0.008186372717424898
2025-08-31 21:26:00+00:00,5.484025978039019e-09,0.0028101596766689587
2025-08-31 21:27:00+00:00,8.061039019023107e-08,0.010773994703633966
2025-08-31 21:28:00+00:00,1.7836740359078217e-08,0.00506802783309964
2025-08-31 21:29:00+00:00,1.3650687959244829e-08,0.004433620491349316
2025-08-31 21:30:00+00:00,6.359022785639584e-08,0.009569217737788707
2025-08-31 21:31:00+00:00,2.01673206845359e-07,0.017041403048379467
2025-08-31 21:32:00+00:00,3.246881019915276e-08,0.006837769130848158
2025-08-31 21:33:00+00:00,1.630263992605197e-07,0.015321815001335462
2025-08-31 21:34:00+00:00,6.173106298863332e-08,0.009428294156613486
2025-08-31 21:35:00+00:00,5.539008832889654e-08,0.008930942122397334
2025-08-31 21:36:00+00:00,3.9762522576355995e-08,0.007566903759791889
2025-08-31 21:37:00+00:00,1.1982749574713274e-07,0.013135889535005657
2025-08-31 21:38:00+00:00,9.337932601280274e-08,0.01159595746191042
2025-08-31 21:39:00+00:00,2.8098063196211147e-08,0.006360912749169261
2025-08-31 21:40:00+00:00,1.360849711283372e-07,0.01399865559347774
2025-08-31 21:41:00+00:00,2.5596869976547788e-08,0.006071201921055568
2025-08-31 21:42:00+00:00,1.7026236422100433e-07,0.01565815456809155
2025-08-31 21:43:00+00:00,5.3841790717791515e-08,0.008805235864735242
2025-08-31 21:44:00+00:00,2.1335865975732503e-08,0.005542891574354923
2025-08-31 21:45:00+00:00,1.1289163373017332e-08,0.0040319220301420705
2025-08-31 21:46:00+00:00,4.7743693179861555e-08,0.008291617343980644
2025-08-31 21:47:00+00:00,4.375268849555584e-09,0.0025100571992207753
2025-08-31 21:48:00+00:00,4.50044469519518e-11,0.00025457101879595523
2025-08-31 21:49:00+00:00,6.090283218701312e-09,0.0029614199018257927
2025-08-31 21:50:00+00:00,6.239925146882802e-08,0.009479183620708714
2025-08-31 21:51:00+00:00,8.513683124684733e-09,0.0035013859683768107
2025-08-31 21:52:00+00:00,8.386584142542546e-08,0.010989395417975124
2025-08-31 21:53:00+00:00,3.3246533554680915e-08,0.0069191768526856235
2025-08-31 21:54:00+00:00,7.843957476931414e-08,0.01062793430859508
2025-08-31 21:55:00+00:00,4.269914565895138e-08,0.007841349995306291
2025-08-31 21:56:00+00:00,1.100212033316662e-10,0.0003980333312646057
2025-08-31 21:57:00+00:00,5.1796391379494284e-08,0.008636365183714256
2025-08-31 21:58:00+00:00,1.9830027451568082e-07,0.016898295633068453
2025-08-31 21:59:00+00:00,4.848901943180266e-07,0.02642426687380292
2025-08-31 22:00:00+00:00,7.405922227440677e-07,0.032656588933191684
2025-08-31 22:01:00+00:00,2.245788291893776e-07,0.017983145276416576
2025-08-31 22:02:00+00:00,7.911758645587756e-07,0.033753418270815724
2025-08-31 22:03:00+00:00,6.580007947536442e-07,0.03078183140174164
2025-08-31 22:04:00+00:00,5.04784281894851e-07,0.0269608858520744
2025-08-31 22:05:00+00:00,3.157184159393825e-07,0.02132216027875015
2025-08-31 22:06:00+00:00,3.0611388372260665e-07,0.020995332637530503
2025-08-31 22:07:00+00:00,3.7103924859801335e-07,0.02311485492018367
2025-08-31 22:08:00+00:00,2.719029781974878e-07,0.0197873770016236
2025-08-31 22:09:00+00:00,1.7825640185348237e-07,0.016021523606355753
2025-08-31 22:10:00+00:00,2.788467811901295e-07,0.020038447168226045
2025-08-31 22:11:00+00:00,2.844192275991896e-08,0.006399716304203125
2025-08-31 22:12:00+00:00,1.6638368915260355e-07,0.015478776191280406
2025-08-31 22:13:00+00:00,1.3631331360057554e-07,0.014010395125935198
2025-08-31 22:14:00+00:00,3.349796836763543e-08,0.006945291530914669
2025-08-31 22:15:00+00:00,8.288949118839409e-08,0.010925239920078987
2025-08-31 22:16:00+00:00,3.7299439475059924e-08,0.007328792045356881
2025-08-31 22:17:00+00:00,1.897931971327517e-07,0.016531854217575307
2025-08-31 22:18:00+00:00,4.499863274265929e-08,0.008049722426856058
2025-08-31 22:19:00+00:00,8.924952674500378e-08,0.011336636119802268
2025-08-31 22:20:00+00:00,2.528338779770026e-08,0.0060339107077158815
2025-08-31 22:21:00+00:00,1.9841176932276558e-07,0.01690304551921879
2025-08-31 22:22:00+00:00,1.5148792521578276e-07,0.014769651732885485
2025-08-31 22:23:00+00:00,1.5470242765244205e-07,0.014925531676275944
2025-08-31 22:24:00+00:00,2.982230882652866e-08,0.006553176688461961
2025-08-31 22:25:00+00:00,1.0280461751400054e-07,0.012167113430068809
2025-08-31 22:26:00+00:00,7.41535981570958e-08,0.010333498020816472
2025-08-31 22:27:00+00:00,1.3923947570677924e-07,0.014159973340997577
2025-08-31 22:28:00+00:00,7.134481260415168e-08,0.010135903025876797
2025-08-31 22:29:00+00:00,6.753822646102417e-08,0.009861797305961768
2025-08-31 22:30:00+00:00,3.041791916119409e-07,0.020928880426845455
2025-08-31 22:31:00+00:00,1.0021556644603268e-07,0.012012927023930807
2025-08-31 22:32:00+00:00,1.0106089969540256e-07,0.01206348604514382
2025-08-31 22:33:00+00:00,7.564244675093225e-08,0.010436719950316883
2025-08-31 22:34:00+00:00,6.691936613403101e-08,0.009816510950078171
2025-08-31 22:35:00+00:00,1.5357446872375958e-07,0.014871019970473236
2025-08-31 22:36:00+00:00,6.345741138512236e-08,0.009559219235616274
2025-08-31 22:37:00+00:00,6.768263376969782e-08,0.009872334710106057
2025-08-31 22:38:00+00:00,1.960847924257138e-07,0.01680363356816102
2025-08-31 22:39:00+00:00,7.345146624769832e-08,0.0102844597036833
2025-08-31 22:40:00+00:00,1.0386913377998932e-07,0.012229944915787013
2025-08-31 22:41:00+00:00,8.393566035531157e-08,0.010993968842581312
2025-08-31 22:42:00+00:00,2.2651579916571075e-07,0.018060530191514962
2025-08-31 22:43:00+00:00,1.5350460538227627e-06,0.04701559653460518
2025-08-31 22:44:00+00:00,7.927277727788091e-07,0.03378650607567295
2025-08-31 22:45:00+00:00,2.2522518550999059e-07,0.018009005167814975
2025-08-31 22:46:00+00:00,3.1000462674324414e-07,0.021128337902217287
2025-08-31 22:47:00+00:00,1.0721090213073087e-06,0.03929169111507578
2025-08-31 22:48:00+00:00,4.956831159283297e-07,0.02671673046869311
2025-08-31 22:49:00+00:00,4.2290131987957815e-07,0.02467747759854302
2025-08-31 22:50:00+00:00,1.6119853476168963e-07,0.01523567819484361
2025-08-31 22:51:00+00:00,1.5237657050718776e-07,0.01481290861142235
2025-08-31 22:52:00+00:00,4.136850640352059e-07,0.024407099217455083
2025-08-31 22:53:00+00:00,2.5985575708199434e-07,0.019344050511670815
2025-08-31 22:54:00+00:00,2.1667098371831278e-07,0.017663697703322778
2025-08-31 22:55:00+00:00,1.8049652875827108e-07,0.016121879586819595
2025-08-31 22:56:00+00:00,2.739745625688055e-07,0.019862612368444388
2025-08-31 22:57:00+00:00,1.1184555157297694e-07,0.012690846869499561
2025-08-31 22:58:00+00:00,2.005926109051632e-08,0.005374507974721361
2025-08-31 22:59:00+00:00,1.877680553695148e-08,0.005199865380296891
2025-08-31 23:00:00+00:00,1.2198318542733243e-07,0.013253519797222122
2025-08-31 23:01:00+00:00,4.701606125299152e-08,0.008228191065131375
2025-08-31 23:02:00+00:00,1.1815735793604896e-06,0.04124882973223731
2025-08-31 23:03:00+00:00,1.3557304939994186e-06,0.044184294849631385
2025-08-31 23:04:00+00:00,2.8633745051572053e-07,0.020305810221279957
2025-08-31 23:05:00+00:00,2.769114801364865e-07,0.019968788931643815
2025-08-31 23:06:00+00:00,2.8187511482480356e-07,0.020146964171996663
2025-08-31 23:07:00+00:00,1.3327088755837742e-07,0.0138531613028963
2025-08-31 23:08:00+00:00,1.9528861091975643e-07,0.016769484181824116
2025-08-31 23:09:00+00:00,3.0945905234463883e-07,0.021109737927702467
2025-08-31 23:10:00+00:00,3.4627677707712427e-07,0.02233021627730146
2025-08-31 23:11:00+00:00,2.0312872891869017e-07,0.01710278835871256
2025-08-31 23:12:00+00:00,6.806524769311514e-08,0.009900199830209783
2025-08-31 23:13:00+00:00,2.2977261180020676e-07,0.018189902720803588
2025-08-31 23:14:00+00:00,1.4000800783876918e-07,0.014198997545172957
2025-08-31 23:15:00+00:00,2.2669913013480503e-07,0.018067837374575832
2025-08-31 23:16:00+00:00,7.523379951351207e-08,0.010408490346801373
2025-08-31 23:17:00+00:00,8.949858447922836e-07,0.03589957682899463
2025-08-31 23:18:00+00:00,1.5053496150805203e-06,0.046558602274079805
2025-08-31 23:19:00+00:00,3.542554127299752e-07,0.022586008818097195
2025-08-31 23:20:00+00:00,3.250388921754051e-07,0.02163460202390105
2025-08-31 23:21:00+00:00,2.0337233300938706e-06,0.0541161860752878
2025-08-31 23:22:00+00:00,2.417211792097729e-06,0.05899817777373069
2025-08-31 23:23:00+00:00,4.316318145358213e-07,0.024930900764544843
2025-08-31 23:24:00+00:00,2.1228027649280467e-06,0.05528866051457918
2025-08-31 23:25:00+00:00,3.460497012285561e-07,0.02232289340047837
2025-08-31 23:26:00+00:00,2.6871844454268756e-07,0.0196711606200923
2025-08-31 23:27:00+00:00,9.26612763659195e-07,0.03652837773114542
2025-08-31 23:28:00+00:00,2.214594595424174e-06,0.05647137520382172
2025-08-31 23:29:00+00:00,8.337653750705507e-08,0.010957290450205256
2025-08-31 23:30:00+00:00,1.8058105436367815e-06,0.05099379553276031
2025-08-31 23:31:00+00:00,1.028511816965036e-06,0.03848450358819315
2025-08-31 23:32:00+00:00,1.0198570106686335e-06,0.0383222402184793
2025-08-31 23:33:00+00:00,5.506776570555265e-07,0.028159826458271333
2025-08-31 23:34:00+00:00,5.226812383036288e-07,0.027434667542312694
2025-08-31 23:35:00+00:00,7.877488824160391e-07,0.033680237390480136
2025-08-31 23:36:00+00:00,9.206257712452117e-07,0.03641017866741531
2025-08-31 23:37:00+00:00,7.886510074888812e-07,0.03369951707048617
2025-08-31 23:38:00+00:00,4.904060552186627e-07,0.02657413628916045
2025-08-31 23:39:00+00:00,1.4277611812555287e-06,0.045342872659415404
2025-08-31 23:40:00+00:00,1.2511366860043098e-06,0.04244569268896676
2025-08-31 23:41:00+00:00,1.1563571309772215e-06,0.04080630182468387
2025-08-31 23:42:00+00:00,5.780785997373973e-07,0.02885191819657494
2025-08-31 23:43:00+00:00,8.079423110039468e-07,0.03410919125170932
2025-08-31 23:44:00+00:00,2.0348151202989396e-07,0.017117633519942155
2025-08-31 23:45:00+00:00,4.4245792214016266e-07,0.025241620547853783
2025-08-31 23:46:00+00:00,6.136150928602876e-07,0.029725506450165223
2025-08-31 23:47:00+00:00,4.7606933700122685e-07,0.02618281583943497
2025-08-31 23:48:00+00:00,4.4313349142849103e-07,0.025260883350687224
2025-08-31 23:49:00+00:00,7.312427123268607e-07,0.03244979977982421
2025-08-31 23:50:00+00:00,6.055021801679351e-07,0.029528344678322667
2025-08-31 23:51:00+00:00,5.671160329579623e-07,0.028577037765651386
2025-08-31 23:52:00+00:00,4.994337491803119e-07,0.026817617321821287
2025-08-31 23:53:00+00:00,2.165801748295101e-07,0.017659995802788136
2025-08-31 23:54:00+00:00,1.3749824388271642e-07,0.014071157421872291
2025-08-31 23:55:00+00:00,2.2843520829731106e-07,0.018136887824214163
2025-08-31 23:56:00+00:00,2.7716214647543396e-07,0.01997782497982763
2025-08-31 23:57:00+00:00,2.0170575896372004e-07,0.017042778321264312
2025-08-31 23:58:00+00:00,2.7509029318200955e-07,0.019903015404257058
2025-08-31 23:59:00+00:00,1.6602183932837308e-07,0.01546193547499333
